date,num1,num2,num3,num4,num5
"Saturday December 27, 2025",8,9,20,26,36
"Friday December 26, 2025",2,6,7,8,35
"Thursday December 25, 2025",5,17,20,29,38
"Wednesday December 24, 2025",7,11,18,28,30
"Tuesday December 23, 2025",5,14,15,19,26
"Monday December 22, 2025",1,14,16,18,19
"Sunday December 21, 2025",15,23,26,28,37
"Saturday December 20, 2025",11,28,29,32,37
"Friday December 19, 2025",14,16,22,35,36
"Thursday December 18, 2025",2,6,11,18,31
"Wednesday December 17, 2025",13,25,28,31,33
"Tuesday December 16, 2025",14,15,24,32,34
"Monday December 15, 2025",10,16,17,22,35
"Sunday December 14, 2025",10,14,18,31,32
"Saturday December 13, 2025",2,3,22,24,32
"Friday December 12, 2025",16,18,27,32,38
"Thursday December 11, 2025",7,13,23,26,30
"Wednesday December 10, 2025",1,2,5,10,17
"Tuesday December 9, 2025",10,15,16,20,33
"Monday December 8, 2025",7,31,33,35,38
"Sunday December 7, 2025",11,13,14,19,39
"Saturday December 6, 2025",9,11,12,13,34
"Friday December 5, 2025",9,10,16,27,36
"Thursday December 4, 2025",16,21,30,33,34
"Wednesday December 3, 2025",6,7,28,29,32
"Tuesday December 2, 2025",6,16,18,20,33
"Monday December 1, 2025",1,2,20,30,38
"Sunday November 30, 2025",2,5,8,24,33
"Saturday November 29, 2025",2,10,27,28,34
"Friday November 28, 2025",13,14,21,23,32
"Thursday November 27, 2025",10,24,28,31,37
"Wednesday November 26, 2025",2,3,21,25,27
"Tuesday November 25, 2025",3,5,7,18,24
"Monday November 24, 2025",5,17,20,36,39
"Sunday November 23, 2025",3,16,21,35,38
"Saturday November 22, 2025",9,11,21,31,35
"Friday November 21, 2025",10,11,17,28,33
"Thursday November 20, 2025",4,7,17,28,33
"Wednesday November 19, 2025",3,6,7,13,37
"Tuesday November 18, 2025",9,13,14,19,33
"Monday November 17, 2025",4,7,18,29,38
"Sunday November 16, 2025",10,20,33,35,38
"Saturday November 15, 2025",6,12,18,25,36
"Friday November 14, 2025",7,11,13,32,39
"Thursday November 13, 2025",6,10,17,23,35
"Wednesday November 12, 2025",2,11,24,25,39
"Tuesday November 11, 2025",4,5,20,34,35
"Monday November 10, 2025",5,14,17,21,30
"Sunday November 9, 2025",14,16,23,27,33
"Saturday November 8, 2025",1,19,20,22,29
"Friday November 7, 2025",5,12,14,32,38
"Thursday November 6, 2025",2,6,16,20,38
"Wednesday November 5, 2025",16,17,23,30,33
"Tuesday November 4, 2025",18,24,25,28,34
"Monday November 3, 2025",7,8,21,24,31
"Sunday November 2, 2025",1,10,11,14,30
"Saturday November 1, 2025",1,2,21,30,35
"Friday October 31, 2025",7,8,26,27,35
"Thursday October 30, 2025",1,13,19,23,28
"Wednesday October 29, 2025",3,6,11,13,29
"Tuesday October 28, 2025",10,13,33,38,39
"Monday October 27, 2025",1,7,17,26,29
"Sunday October 26, 2025",10,14,18,22,29
"Saturday October 25, 2025",2,15,20,33,35
"Friday October 24, 2025",18,21,25,30,39
"Thursday October 23, 2025",4,14,30,33,38
"Wednesday October 22, 2025",7,19,21,23,37
"Tuesday October 21, 2025",8,14,24,26,32
"Monday October 20, 2025",2,5,11,36,37
"Sunday October 19, 2025",11,14,15,16,17
"Saturday October 18, 2025",1,8,10,17,23
"Friday October 17, 2025",19,21,33,35,37
"Thursday October 16, 2025",2,13,16,17,23
"Wednesday October 15, 2025",4,19,30,31,39
"Tuesday October 14, 2025",6,17,20,21,23
"Monday October 13, 2025",2,6,18,31,39
"Sunday October 12, 2025",1,7,9,32,36
"Saturday October 11, 2025",8,9,24,31,38
"Friday October 10, 2025",26,30,37,38,39
"Thursday October 9, 2025",14,25,26,31,34
"Wednesday October 8, 2025",3,27,28,32,39
"Tuesday October 7, 2025",10,16,25,32,39
"Monday October 6, 2025",5,7,10,16,28
"Sunday October 5, 2025",12,20,25,28,33
"Saturday October 4, 2025",14,15,16,29,39
"Friday October 3, 2025",4,9,10,14,15
"Thursday October 2, 2025",7,11,14,34,37
"Wednesday October 1, 2025",3,6,7,37,38
"Tuesday September 30, 2025",6,20,29,31,39
"Monday September 29, 2025",3,13,23,25,30
"Sunday September 28, 2025",6,9,16,17,25
"Saturday September 27, 2025",15,17,24,25,33
"Friday September 26, 2025",16,17,24,26,33
"Thursday September 25, 2025",7,18,25,28,38
"Wednesday September 24, 2025",11,25,26,33,35
"Tuesday September 23, 2025",3,8,19,26,28
"Monday September 22, 2025",27,28,30,35,37
"Sunday September 21, 2025",9,18,19,24,30
"Saturday September 20, 2025",6,15,16,23,31
"Friday September 19, 2025",9,11,28,31,35
"Thursday September 18, 2025",3,8,27,29,32
"Wednesday September 17, 2025",2,7,12,30,32
"Tuesday September 16, 2025",8,10,11,14,29
"Monday September 15, 2025",7,8,27,28,34
"Sunday September 14, 2025",2,19,21,23,24
"Saturday September 13, 2025",1,9,25,26,30
"Friday September 12, 2025",6,21,23,28,31
"Thursday September 11, 2025",11,15,22,23,32
"Wednesday September 10, 2025",10,11,21,25,30
"Tuesday September 9, 2025",13,16,22,36,38
"Monday September 8, 2025",2,16,29,34,38
"Sunday September 7, 2025",3,9,12,23,26
"Saturday September 6, 2025",3,5,31,33,35
"Friday September 5, 2025",15,17,20,33,34
"Thursday September 4, 2025",11,15,18,36,37
"Wednesday September 3, 2025",9,10,17,18,32
"Tuesday September 2, 2025",2,7,18,19,30
"Monday September 1, 2025",7,30,33,36,38
"Sunday August 31, 2025",2,10,28,33,39
"Saturday August 30, 2025",1,3,20,29,36
"Friday August 29, 2025",2,17,22,25,37
"Thursday August 28, 2025",14,21,23,33,36
"Wednesday August 27, 2025",4,15,17,18,38
"Tuesday August 26, 2025",3,14,27,31,33
"Monday August 25, 2025",15,22,25,38,39
"Sunday August 24, 2025",5,14,20,37,39
"Saturday August 23, 2025",1,19,21,26,30
"Friday August 22, 2025",19,21,26,34,37
"Thursday August 21, 2025",9,10,25,31,34
"Wednesday August 20, 2025",6,20,33,34,35
"Tuesday August 19, 2025",14,22,26,29,33
"Monday August 18, 2025",3,13,15,19,37
"Sunday August 17, 2025",10,14,17,21,30
"Saturday August 16, 2025",1,2,9,11,39
"Friday August 15, 2025",13,23,32,33,38
"Thursday August 14, 2025",13,17,23,29,35
"Wednesday August 13, 2025",14,18,24,32,33
"Tuesday August 12, 2025",3,6,9,32,39
"Monday August 11, 2025",4,9,14,21,27
"Sunday August 10, 2025",2,6,19,30,37
"Saturday August 9, 2025",3,4,25,34,37
"Friday August 8, 2025",7,18,19,36,37
"Thursday August 7, 2025",7,9,21,27,30
"Wednesday August 6, 2025",10,12,24,26,31
"Tuesday August 5, 2025",17,19,27,32,38
"Monday August 4, 2025",4,8,10,17,21
"Sunday August 3, 2025",5,11,22,32,35
"Saturday August 2, 2025",9,14,17,26,28
"Friday August 1, 2025",2,10,12,14,23
"Thursday July 31, 2025",3,12,16,18,19
"Wednesday July 30, 2025",9,12,23,26,36
"Tuesday July 29, 2025",12,21,29,36,37
"Monday July 28, 2025",3,17,18,25,32
"Sunday July 27, 2025",11,27,32,35,36
"Saturday July 26, 2025",13,19,30,35,38
"Friday July 25, 2025",5,8,20,24,34
"Thursday July 24, 2025",2,4,11,15,32
"Wednesday July 23, 2025",10,12,17,24,34
"Tuesday July 22, 2025",10,11,13,21,29
"Monday July 21, 2025",2,14,32,33,35
"Sunday July 20, 2025",1,4,11,23,27
"Saturday July 19, 2025",4,11,17,18,20
"Friday July 18, 2025",3,6,13,22,31
"Thursday July 17, 2025",6,8,11,35,37
"Wednesday July 16, 2025",2,7,28,34,39
"Tuesday July 15, 2025",2,9,13,21,32
"Monday July 14, 2025",5,10,17,24,33
"Sunday July 13, 2025",12,20,27,35,38
"Saturday July 12, 2025",1,3,7,37,38
"Friday July 11, 2025",1,15,25,32,37
"Thursday July 10, 2025",20,22,28,36,39
"Wednesday July 9, 2025",4,11,23,25,26
"Tuesday July 8, 2025",11,24,29,34,37
"Monday July 7, 2025",2,8,14,26,33
"Sunday July 6, 2025",10,12,16,24,34
"Saturday July 5, 2025",15,17,22,24,31
"Friday July 4, 2025",1,8,34,35,37
"Thursday July 3, 2025",6,13,18,27,34
"Wednesday July 2, 2025",9,15,32,35,37
"Tuesday July 1, 2025",3,5,6,25,29
"Monday June 30, 2025",4,18,22,34,36
"Sunday June 29, 2025",5,7,10,20,25
"Saturday June 28, 2025",14,22,27,37,38
"Friday June 27, 2025",1,6,11,33,39
"Thursday June 26, 2025",8,22,23,28,32
"Wednesday June 25, 2025",13,24,29,30,39
"Tuesday June 24, 2025",2,11,16,23,39
"Monday June 23, 2025",10,17,24,25,27
"Sunday June 22, 2025",6,10,13,21,27
"Saturday June 21, 2025",5,13,19,20,38
"Friday June 20, 2025",16,17,18,19,20
"Thursday June 19, 2025",19,26,29,32,39
"Wednesday June 18, 2025",10,14,18,31,38
"Tuesday June 17, 2025",5,12,19,22,27
"Monday June 16, 2025",2,8,18,34,36
"Sunday June 15, 2025",1,3,5,12,20
"Saturday June 14, 2025",11,19,24,32,39
"Friday June 13, 2025",5,15,17,28,30
"Thursday June 12, 2025",10,13,25,27,33
"Wednesday June 11, 2025",21,27,34,36,38
"Tuesday June 10, 2025",5,10,12,20,33
"Monday June 9, 2025",9,11,14,30,32
"Sunday June 8, 2025",6,17,18,29,39
"Saturday June 7, 2025",10,16,18,27,34
"Friday June 6, 2025",4,15,17,22,27
"Thursday June 5, 2025",2,8,12,27,30
"Wednesday June 4, 2025",2,3,9,15,33
"Tuesday June 3, 2025",5,23,29,32,37
"Monday June 2, 2025",1,2,3,12,23
"Sunday June 1, 2025",3,17,20,23,34
"Saturday May 31, 2025",20,23,27,34,38
"Friday May 30, 2025",2,6,20,29,39
"Thursday May 29, 2025",10,17,19,20,21
"Wednesday May 28, 2025",10,22,30,31,37
"Tuesday May 27, 2025",13,20,25,34,35
"Monday May 26, 2025",6,11,22,28,36
"Sunday May 25, 2025",2,5,7,16,30
"Saturday May 24, 2025",5,22,23,37,39
"Friday May 23, 2025",9,18,20,25,38
"Thursday May 22, 2025",3,17,23,24,27
"Wednesday May 21, 2025",2,3,8,14,20
"Tuesday May 20, 2025",3,9,21,29,32
"Monday May 19, 2025",9,16,17,26,32
"Sunday May 18, 2025",10,21,23,24,31
"Saturday May 17, 2025",1,7,33,36,38
"Friday May 16, 2025",2,17,24,35,36
"Thursday May 15, 2025",1,7,10,20,26
"Wednesday May 14, 2025",6,14,21,22,32
"Tuesday May 13, 2025",3,8,21,32,37
"Monday May 12, 2025",1,2,18,36,39
"Sunday May 11, 2025",4,8,11,27,35
"Saturday May 10, 2025",3,4,9,17,26
"Friday May 9, 2025",12,17,22,29,33
"Thursday May 8, 2025",20,24,28,33,39
"Wednesday May 7, 2025",4,12,13,14,28
"Tuesday May 6, 2025",10,12,34,36,37
"Monday May 5, 2025",3,14,19,26,35
"Sunday May 4, 2025",6,9,32,33,34
"Saturday May 3, 2025",9,16,25,27,28
"Friday May 2, 2025",11,13,25,37,39
"Thursday May 1, 2025",7,21,24,31,35
"Wednesday April 30, 2025",9,24,27,28,37
"Tuesday April 29, 2025",14,18,26,29,39
"Monday April 28, 2025",9,22,28,32,38
"Sunday April 27, 2025",6,24,25,35,39
"Saturday April 26, 2025",2,6,20,29,38
"Friday April 25, 2025",4,11,23,29,34
"Thursday April 24, 2025",1,6,16,19,20
"Wednesday April 23, 2025",4,27,28,30,34
"Tuesday April 22, 2025",16,17,26,28,33
"Monday April 21, 2025",2,20,26,33,39
"Sunday April 20, 2025",9,12,13,29,34
"Saturday April 19, 2025",5,10,26,28,38
"Friday April 18, 2025",7,21,27,29,36
"Thursday April 17, 2025",6,11,13,33,37
"Wednesday April 16, 2025",11,13,30,33,39
"Tuesday April 15, 2025",1,21,33,38,39
"Monday April 14, 2025",1,17,25,27,34
"Sunday April 13, 2025",15,26,29,35,38
"Saturday April 12, 2025",3,13,23,31,34
"Friday April 11, 2025",2,15,25,37,39
"Thursday April 10, 2025",14,16,20,28,30
"Wednesday April 9, 2025",4,17,24,36,39
"Tuesday April 8, 2025",3,9,12,14,31
"Monday April 7, 2025",2,4,12,26,28
"Sunday April 6, 2025",2,10,13,32,37
"Saturday April 5, 2025",13,17,24,31,33
"Friday April 4, 2025",2,8,10,17,32
"Thursday April 3, 2025",9,10,14,27,30
"Wednesday April 2, 2025",8,16,22,28,37
"Tuesday April 1, 2025",2,4,10,23,26
"Monday March 31, 2025",18,26,32,36,38
"Sunday March 30, 2025",1,10,16,28,32
"Saturday March 29, 2025",9,14,28,37,39
"Friday March 28, 2025",1,3,16,17,38
"Thursday March 27, 2025",12,27,30,35,39
"Wednesday March 26, 2025",7,19,27,31,38
"Tuesday March 25, 2025",1,9,11,14,28
"Monday March 24, 2025",1,3,12,14,18
"Sunday March 23, 2025",1,7,16,28,31
"Saturday March 22, 2025",11,17,19,29,31
"Friday March 21, 2025",9,13,14,18,35
"Thursday March 20, 2025",10,20,24,27,39
"Wednesday March 19, 2025",17,29,30,35,36
"Tuesday March 18, 2025",5,16,23,34,35
"Monday March 17, 2025",3,13,19,24,29
"Sunday March 16, 2025",9,10,15,19,24
"Saturday March 15, 2025",5,6,8,30,31
"Friday March 14, 2025",5,7,9,21,27
"Thursday March 13, 2025",8,14,19,27,33
"Wednesday March 12, 2025",3,9,35,37,38
"Tuesday March 11, 2025",9,11,17,22,32
"Monday March 10, 2025",17,25,26,35,37
"Sunday March 9, 2025",3,9,20,30,36
"Saturday March 8, 2025",1,11,18,31,37
"Friday March 7, 2025",9,11,18,30,35
"Thursday March 6, 2025",3,4,8,19,34
"Wednesday March 5, 2025",8,18,26,29,34
"Tuesday March 4, 2025",14,18,20,22,32
"Monday March 3, 2025",6,9,28,31,36
"Sunday March 2, 2025",1,4,17,26,39
"Saturday March 1, 2025",3,25,28,33,39
"Friday February 28, 2025",10,11,19,28,37
"Thursday February 27, 2025",18,19,24,25,34
"Wednesday February 26, 2025",3,12,13,22,37
"Tuesday February 25, 2025",7,11,12,21,33
"Monday February 24, 2025",7,13,17,27,34
"Sunday February 23, 2025",2,9,20,22,38
"Saturday February 22, 2025",15,27,30,32,35
"Friday February 21, 2025",14,22,25,31,32
"Thursday February 20, 2025",3,5,11,20,28
"Wednesday February 19, 2025",5,7,24,28,33
"Tuesday February 18, 2025",3,10,14,20,26
"Monday February 17, 2025",3,4,31,32,39
"Sunday February 16, 2025",4,25,28,31,32
"Saturday February 15, 2025",7,25,28,30,37
"Friday February 14, 2025",5,16,20,26,30
"Thursday February 13, 2025",1,10,26,30,34
"Wednesday February 12, 2025",4,7,13,16,20
"Tuesday February 11, 2025",18,22,25,33,37
"Monday February 10, 2025",6,14,17,20,24
"Sunday February 9, 2025",3,7,32,33,35
"Saturday February 8, 2025",3,8,17,25,35
"Friday February 7, 2025",13,14,15,23,33
"Thursday February 6, 2025",5,7,11,14,16
"Wednesday February 5, 2025",6,18,33,35,36
"Tuesday February 4, 2025",1,5,6,34,37
"Monday February 3, 2025",2,12,17,21,38
"Sunday February 2, 2025",16,18,36,38,39
"Saturday February 1, 2025",3,6,14,21,36
"Friday January 31, 2025",6,10,12,16,30
"Thursday January 30, 2025",12,16,18,25,33
"Wednesday January 29, 2025",5,19,29,31,33
"Tuesday January 28, 2025",5,8,9,19,20
"Monday January 27, 2025",5,6,7,8,16
"Sunday January 26, 2025",15,18,21,30,37
"Saturday January 25, 2025",4,21,23,27,29
"Friday January 24, 2025",1,4,6,21,32
"Thursday January 23, 2025",2,6,21,28,31
"Wednesday January 22, 2025",12,25,27,34,38
"Tuesday January 21, 2025",15,20,21,25,33
"Monday January 20, 2025",4,5,24,31,34
"Sunday January 19, 2025",5,10,18,19,30
"Saturday January 18, 2025",4,8,13,19,26
"Friday January 17, 2025",20,25,29,35,36
"Thursday January 16, 2025",4,6,25,31,33
"Wednesday January 15, 2025",4,5,6,18,21
"Tuesday January 14, 2025",6,8,21,23,26
"Monday January 13, 2025",11,15,32,33,36
"Sunday January 12, 2025",3,13,19,21,36
"Saturday January 11, 2025",6,9,19,32,39
"Friday January 10, 2025",4,19,21,26,29
"Thursday January 9, 2025",6,20,22,30,39
"Wednesday January 8, 2025",16,24,29,32,36
"Tuesday January 7, 2025",4,10,23,26,34
"Monday January 6, 2025",7,10,14,25,38
"Sunday January 5, 2025",5,25,34,36,39
"Saturday January 4, 2025",11,15,17,22,35
"Friday January 3, 2025",15,23,25,26,32
"Thursday January 2, 2025",3,6,7,19,34
"Wednesday January 1, 2025",4,9,11,22,39
"Tuesday December 31, 2024",3,14,21,37,39
"Monday December 30, 2024",8,13,32,33,37
"Sunday December 29, 2024",2,9,14,33,39
"Saturday December 28, 2024",2,6,21,24,39
"Friday December 27, 2024",20,21,24,29,37
"Thursday December 26, 2024",14,18,24,28,33
"Wednesday December 25, 2024",1,4,18,19,33
"Tuesday December 24, 2024",7,14,34,35,39
"Monday December 23, 2024",5,20,30,36,37
"Sunday December 22, 2024",4,20,27,28,32
"Saturday December 21, 2024",10,24,25,35,38
"Friday December 20, 2024",6,12,15,18,35
"Thursday December 19, 2024",1,11,14,32,39
"Wednesday December 18, 2024",2,10,13,19,25
"Tuesday December 17, 2024",10,14,27,29,35
"Monday December 16, 2024",5,13,20,33,34
"Sunday December 15, 2024",6,7,9,10,18
"Saturday December 14, 2024",10,19,24,26,33
"Friday December 13, 2024",2,5,6,18,32
"Thursday December 12, 2024",9,15,16,30,36
"Wednesday December 11, 2024",8,18,21,28,37
"Tuesday December 10, 2024",12,20,21,25,31
"Monday December 9, 2024",2,7,8,21,33
"Sunday December 8, 2024",4,6,7,13,32
"Saturday December 7, 2024",2,9,11,25,29
"Friday December 6, 2024",6,11,17,26,39
"Thursday December 5, 2024",1,4,11,13,35
"Wednesday December 4, 2024",7,14,16,19,26
"Tuesday December 3, 2024",4,6,9,34,35
"Monday December 2, 2024",2,3,22,25,28
"Sunday December 1, 2024",9,11,31,33,35
"Saturday November 30, 2024",15,16,20,32,37
"Friday November 29, 2024",20,22,25,29,36
"Thursday November 28, 2024",9,19,27,32,36
"Wednesday November 27, 2024",3,10,12,29,33
"Tuesday November 26, 2024",3,6,15,20,31
"Monday November 25, 2024",1,6,10,14,20
"Sunday November 24, 2024",3,5,17,26,37
"Saturday November 23, 2024",2,14,25,26,34
"Friday November 22, 2024",1,7,10,11,24
"Thursday November 21, 2024",1,6,21,27,33
"Wednesday November 20, 2024",22,24,29,35,38
"Tuesday November 19, 2024",23,27,28,36,39
"Monday November 18, 2024",12,16,24,25,39
"Sunday November 17, 2024",2,11,22,31,39
"Saturday November 16, 2024",23,32,35,36,38
"Friday November 15, 2024",11,13,19,21,34
"Thursday November 14, 2024",11,16,20,22,26
"Wednesday November 13, 2024",6,10,14,26,29
"Tuesday November 12, 2024",3,5,15,21,28
"Monday November 11, 2024",7,10,29,30,34
"Sunday November 10, 2024",1,7,11,25,28
"Saturday November 9, 2024",15,16,18,28,36
"Friday November 8, 2024",3,15,32,33,37
"Thursday November 7, 2024",6,8,10,15,24
"Wednesday November 6, 2024",1,11,12,32,39
"Tuesday November 5, 2024",18,21,23,29,32
"Monday November 4, 2024",10,16,26,29,36
"Sunday November 3, 2024",2,3,11,33,35
"Saturday November 2, 2024",2,5,12,28,37
"Friday November 1, 2024",6,8,24,27,36
"Thursday October 31, 2024",12,18,21,34,39
"Wednesday October 30, 2024",1,18,27,37,39
"Tuesday October 29, 2024",9,18,23,30,34
"Monday October 28, 2024",5,11,19,32,38
"Sunday October 27, 2024",1,18,27,31,35
"Saturday October 26, 2024",2,3,4,12,26
"Friday October 25, 2024",6,9,15,22,26
"Thursday October 24, 2024",7,9,16,21,32
"Wednesday October 23, 2024",1,17,33,37,39
"Tuesday October 22, 2024",12,30,34,35,38
"Monday October 21, 2024",2,5,12,36,39
"Sunday October 20, 2024",12,16,21,24,38
"Saturday October 19, 2024",5,7,19,25,38
"Friday October 18, 2024",8,13,14,26,35
"Thursday October 17, 2024",8,9,11,34,36
"Wednesday October 16, 2024",1,9,12,19,30
"Tuesday October 15, 2024",13,15,19,27,30
"Monday October 14, 2024",2,8,18,24,37
"Sunday October 13, 2024",16,21,28,36,38
"Saturday October 12, 2024",7,14,28,33,39
"Friday October 11, 2024",5,9,19,21,38
"Thursday October 10, 2024",1,5,9,11,13
"Wednesday October 9, 2024",1,6,23,27,38
"Tuesday October 8, 2024",7,11,20,25,34
"Monday October 7, 2024",6,16,19,35,37
"Sunday October 6, 2024",10,24,25,29,39
"Saturday October 5, 2024",9,15,16,30,31
"Friday October 4, 2024",4,18,33,35,38
"Thursday October 3, 2024",9,25,29,31,38
"Wednesday October 2, 2024",11,17,18,29,33
"Tuesday October 1, 2024",5,6,13,25,38
"Monday September 30, 2024",8,10,21,23,27
"Sunday September 29, 2024",3,6,17,18,33
"Saturday September 28, 2024",15,22,26,32,38
"Friday September 27, 2024",5,10,13,20,21
"Thursday September 26, 2024",5,19,22,23,30
"Wednesday September 25, 2024",2,5,7,15,29
"Tuesday September 24, 2024",10,16,18,19,35
"Monday September 23, 2024",15,17,22,26,32
"Sunday September 22, 2024",4,8,20,22,24
"Saturday September 21, 2024",1,10,13,14,35
"Friday September 20, 2024",6,10,12,27,35
"Thursday September 19, 2024",10,12,28,35,36
"Wednesday September 18, 2024",1,18,33,37,39
"Tuesday September 17, 2024",1,22,28,30,38
"Monday September 16, 2024",2,14,20,21,25
"Sunday September 15, 2024",8,10,24,25,30
"Saturday September 14, 2024",8,14,20,22,36
"Friday September 13, 2024",30,31,32,34,35
"Thursday September 12, 2024",7,11,17,24,28
"Wednesday September 11, 2024",6,12,21,27,37
"Tuesday September 10, 2024",8,9,11,16,36
"Monday September 9, 2024",5,9,21,32,36
"Sunday September 8, 2024",7,27,29,31,36
"Saturday September 7, 2024",9,11,16,18,30
"Friday September 6, 2024",19,24,31,37,38
"Thursday September 5, 2024",4,13,23,26,38
"Wednesday September 4, 2024",11,13,15,18,28
"Tuesday September 3, 2024",7,16,19,20,32
"Monday September 2, 2024",1,6,8,10,36
"Sunday September 1, 2024",9,10,25,31,33
"Saturday August 31, 2024",3,11,20,21,22
"Friday August 30, 2024",3,9,15,21,31
"Thursday August 29, 2024",2,8,9,22,25
"Wednesday August 28, 2024",7,10,14,20,23
"Tuesday August 27, 2024",13,21,27,34,35
"Monday August 26, 2024",2,4,13,15,17
"Sunday August 25, 2024",12,15,23,34,35
"Saturday August 24, 2024",3,9,11,17,28
"Friday August 23, 2024",2,10,11,12,14
"Thursday August 22, 2024",2,9,20,21,31
"Wednesday August 21, 2024",16,19,20,31,37
"Tuesday August 20, 2024",2,8,21,31,33
"Monday August 19, 2024",18,23,31,36,38
"Sunday August 18, 2024",2,17,31,32,38
"Saturday August 17, 2024",9,16,26,33,39
"Friday August 16, 2024",2,15,21,33,39
"Thursday August 15, 2024",5,10,17,19,22
"Wednesday August 14, 2024",7,10,17,21,32
"Tuesday August 13, 2024",4,14,23,25,33
"Monday August 12, 2024",17,18,29,30,39
"Sunday August 11, 2024",2,7,26,30,34
"Saturday August 10, 2024",3,12,14,25,32
"Friday August 9, 2024",3,7,15,22,38
"Thursday August 8, 2024",2,4,30,34,39
"Wednesday August 7, 2024",1,2,15,18,29
"Tuesday August 6, 2024",4,9,19,34,35
"Monday August 5, 2024",5,15,25,31,37
"Sunday August 4, 2024",1,4,15,31,36
"Saturday August 3, 2024",25,30,31,32,37
"Friday August 2, 2024",11,19,23,28,38
"Thursday August 1, 2024",3,6,19,22,37
"Wednesday July 31, 2024",15,20,25,28,36
"Tuesday July 30, 2024",5,10,26,32,38
"Monday July 29, 2024",1,22,23,25,34
"Sunday July 28, 2024",5,16,18,32,36
"Saturday July 27, 2024",7,11,16,19,33
"Friday July 26, 2024",7,8,17,21,38
"Thursday July 25, 2024",3,7,33,36,39
"Wednesday July 24, 2024",3,4,6,26,36
"Tuesday July 23, 2024",3,4,8,24,34
"Monday July 22, 2024",1,4,11,26,30
"Sunday July 21, 2024",7,26,29,35,36
"Saturday July 20, 2024",8,13,23,31,38
"Friday July 19, 2024",6,9,26,27,30
"Thursday July 18, 2024",8,12,14,19,29
"Wednesday July 17, 2024",13,20,21,28,38
"Tuesday July 16, 2024",2,5,23,27,34
"Monday July 15, 2024",3,16,25,28,36
"Sunday July 14, 2024",2,5,9,30,32
"Saturday July 13, 2024",8,12,24,26,27
"Friday July 12, 2024",11,15,16,32,37
"Thursday July 11, 2024",8,26,29,35,36
"Wednesday July 10, 2024",4,23,25,27,34
"Tuesday July 9, 2024",1,3,7,14,31
"Monday July 8, 2024",3,18,21,29,38
"Sunday July 7, 2024",16,21,27,30,39
"Saturday July 6, 2024",2,5,10,24,28
"Friday July 5, 2024",12,18,30,31,36
"Thursday July 4, 2024",2,11,13,25,36
"Wednesday July 3, 2024",3,4,8,17,31
"Tuesday July 2, 2024",1,4,15,16,28
"Monday July 1, 2024",11,15,16,20,38
"Sunday June 30, 2024",7,17,24,28,38
"Saturday June 29, 2024",14,27,32,33,35
"Friday June 28, 2024",2,26,31,33,36
"Thursday June 27, 2024",1,7,32,33,37
"Wednesday June 26, 2024",6,9,22,24,37
"Tuesday June 25, 2024",2,18,31,34,37
"Monday June 24, 2024",1,18,25,26,38
"Sunday June 23, 2024",10,12,14,16,32
"Saturday June 22, 2024",7,8,10,21,27
"Friday June 21, 2024",5,15,30,32,33
"Thursday June 20, 2024",12,14,20,25,37
"Wednesday June 19, 2024",2,7,14,28,37
"Tuesday June 18, 2024",4,20,21,22,31
"Monday June 17, 2024",6,7,15,18,35
"Sunday June 16, 2024",10,12,14,16,25
"Saturday June 15, 2024",10,12,24,30,37
"Friday June 14, 2024",16,18,31,38,39
"Thursday June 13, 2024",2,13,20,26,31
"Wednesday June 12, 2024",5,17,29,30,36
"Tuesday June 11, 2024",1,4,25,26,29
"Monday June 10, 2024",15,16,20,27,38
"Sunday June 9, 2024",8,18,24,27,28
"Saturday June 8, 2024",10,13,17,18,23
"Friday June 7, 2024",3,9,10,15,26
"Thursday June 6, 2024",7,18,21,31,33
"Wednesday June 5, 2024",6,22,23,33,34
"Tuesday June 4, 2024",2,5,22,23,30
"Monday June 3, 2024",1,8,15,30,31
"Sunday June 2, 2024",1,12,17,34,36
"Saturday June 1, 2024",3,21,24,30,39
"Friday May 31, 2024",8,14,16,21,31
"Thursday May 30, 2024",2,15,23,24,27
"Wednesday May 29, 2024",4,8,13,21,29
"Tuesday May 28, 2024",2,6,31,36,39
"Monday May 27, 2024",10,14,19,32,35
"Sunday May 26, 2024",6,22,29,35,38
"Saturday May 25, 2024",12,17,22,27,31
"Friday May 24, 2024",8,14,21,34,36
"Thursday May 23, 2024",3,11,26,35,38
"Wednesday May 22, 2024",5,16,22,35,36
"Tuesday May 21, 2024",15,24,26,32,37
"Monday May 20, 2024",10,17,20,25,32
"Sunday May 19, 2024",17,22,25,26,27
"Saturday May 18, 2024",4,10,20,34,36
"Friday May 17, 2024",4,6,8,16,36
"Thursday May 16, 2024",3,8,11,17,39
"Wednesday May 15, 2024",6,24,34,35,38
"Tuesday May 14, 2024",13,14,27,31,32
"Monday May 13, 2024",8,9,12,21,35
"Sunday May 12, 2024",7,13,15,34,38
"Saturday May 11, 2024",3,7,20,31,38
"Friday May 10, 2024",3,8,14,23,27
"Thursday May 9, 2024",19,29,35,36,39
"Wednesday May 8, 2024",6,7,22,27,28
"Tuesday May 7, 2024",21,26,27,29,36
"Monday May 6, 2024",8,10,18,24,27
"Sunday May 5, 2024",11,16,23,27,28
"Saturday May 4, 2024",1,7,8,10,36
"Friday May 3, 2024",3,4,13,25,32
"Thursday May 2, 2024",2,15,20,22,37
"Wednesday May 1, 2024",2,10,17,24,37
"Tuesday April 30, 2024",2,11,21,34,39
"Monday April 29, 2024",2,12,18,26,28
"Sunday April 28, 2024",4,16,19,22,32
"Saturday April 27, 2024",14,21,23,32,39
"Friday April 26, 2024",5,11,15,29,36
"Thursday April 25, 2024",4,8,27,31,34
"Wednesday April 24, 2024",4,6,8,16,23
"Tuesday April 23, 2024",9,24,25,28,31
"Monday April 22, 2024",11,19,23,33,39
"Sunday April 21, 2024",7,11,13,15,20
"Saturday April 20, 2024",5,12,25,30,32
"Friday April 19, 2024",7,24,26,30,32
"Thursday April 18, 2024",7,15,17,30,39
"Wednesday April 17, 2024",11,20,27,30,32
"Tuesday April 16, 2024",23,24,26,31,35
"Monday April 15, 2024",13,15,21,22,29
"Sunday April 14, 2024",4,6,13,14,19
"Saturday April 13, 2024",15,21,22,36,37
"Friday April 12, 2024",5,7,9,26,29
"Thursday April 11, 2024",3,4,7,17,27
"Wednesday April 10, 2024",5,7,18,22,29
"Tuesday April 9, 2024",1,7,12,24,29
"Monday April 8, 2024",24,25,30,35,39
"Sunday April 7, 2024",11,18,27,30,35
"Saturday April 6, 2024",1,3,5,15,17
"Friday April 5, 2024",1,25,27,28,36
"Thursday April 4, 2024",4,11,19,23,26
"Wednesday April 3, 2024",4,16,19,35,38
"Tuesday April 2, 2024",10,11,18,30,31
"Monday April 1, 2024",7,8,13,23,25
"Sunday March 31, 2024",3,5,13,27,38
"Saturday March 30, 2024",5,11,23,25,36
"Friday March 29, 2024",11,14,26,29,33
"Thursday March 28, 2024",3,14,15,17,30
"Wednesday March 27, 2024",3,7,9,12,34
"Tuesday March 26, 2024",4,7,10,15,29
"Monday March 25, 2024",9,12,26,28,34
"Sunday March 24, 2024",2,21,26,29,36
"Saturday March 23, 2024",4,26,33,38,39
"Friday March 22, 2024",10,18,21,28,33
"Thursday March 21, 2024",19,22,27,30,33
"Wednesday March 20, 2024",2,6,7,15,36
"Tuesday March 19, 2024",1,9,10,26,31
"Monday March 18, 2024",2,16,23,29,36
"Sunday March 17, 2024",3,9,25,28,39
"Saturday March 16, 2024",6,15,17,29,39
"Friday March 15, 2024",3,4,19,35,36
"Thursday March 14, 2024",5,6,15,23,33
"Wednesday March 13, 2024",18,23,24,28,39
"Tuesday March 12, 2024",1,9,28,29,30
"Monday March 11, 2024",8,11,14,15,25
"Sunday March 10, 2024",5,7,27,30,31
"Saturday March 9, 2024",13,15,16,20,21
"Friday March 8, 2024",1,9,11,20,35
"Thursday March 7, 2024",18,19,28,30,38
"Wednesday March 6, 2024",3,15,24,25,34
"Tuesday March 5, 2024",5,10,14,21,29
"Monday March 4, 2024",13,19,20,27,34
"Sunday March 3, 2024",4,9,10,19,26
"Saturday March 2, 2024",10,24,26,33,38
"Friday March 1, 2024",11,19,25,31,33
"Thursday February 29, 2024",9,10,20,32,35
"Wednesday February 28, 2024",10,14,27,33,38
"Tuesday February 27, 2024",5,7,9,18,23
"Monday February 26, 2024",2,10,17,21,25
"Sunday February 25, 2024",2,6,12,37,38
"Saturday February 24, 2024",1,4,20,23,26
"Friday February 23, 2024",5,7,30,32,37
"Thursday February 22, 2024",12,17,23,24,34
"Wednesday February 21, 2024",11,13,16,19,25
"Tuesday February 20, 2024",1,2,18,27,34
"Monday February 19, 2024",3,7,10,25,39
"Sunday February 18, 2024",15,18,21,29,31
"Saturday February 17, 2024",12,27,28,30,39
"Friday February 16, 2024",2,4,22,32,37
"Thursday February 15, 2024",20,24,28,30,36
"Wednesday February 14, 2024",12,15,21,24,39
"Tuesday February 13, 2024",3,4,5,9,22
"Monday February 12, 2024",1,6,10,16,22
"Sunday February 11, 2024",7,15,16,32,35
"Saturday February 10, 2024",9,17,26,35,37
"Friday February 9, 2024",4,20,26,27,30
"Thursday February 8, 2024",17,18,25,35,37
"Wednesday February 7, 2024",2,14,27,37,38
"Tuesday February 6, 2024",9,15,17,26,30
"Monday February 5, 2024",7,20,24,26,27
"Sunday February 4, 2024",2,16,18,19,37
"Saturday February 3, 2024",1,3,5,14,26
"Friday February 2, 2024",3,4,21,24,27
"Thursday February 1, 2024",4,7,9,11,29
"Wednesday January 31, 2024",17,25,31,34,38
"Tuesday January 30, 2024",5,10,13,25,26
"Monday January 29, 2024",9,10,17,28,29
"Sunday January 28, 2024",6,7,12,21,31
"Saturday January 27, 2024",4,10,15,22,34
"Friday January 26, 2024",8,19,21,23,32
"Thursday January 25, 2024",16,17,22,32,37
"Wednesday January 24, 2024",6,9,10,24,30
"Tuesday January 23, 2024",2,5,11,15,22
"Monday January 22, 2024",20,23,35,36,37
"Sunday January 21, 2024",5,6,20,21,29
"Saturday January 20, 2024",4,7,21,23,29
"Friday January 19, 2024",2,19,23,28,38
"Thursday January 18, 2024",2,14,17,24,25
"Wednesday January 17, 2024",20,21,25,29,32
"Tuesday January 16, 2024",3,4,6,15,23
"Monday January 15, 2024",6,8,14,27,39
"Sunday January 14, 2024",1,2,13,19,21
"Saturday January 13, 2024",6,13,19,27,30
"Friday January 12, 2024",1,20,23,33,34
"Thursday January 11, 2024",6,17,21,28,36
"Wednesday January 10, 2024",15,18,25,32,38
"Tuesday January 9, 2024",1,5,10,22,28
"Monday January 8, 2024",1,12,27,28,34
"Sunday January 7, 2024",5,12,13,14,31
"Saturday January 6, 2024",6,9,16,17,32
"Friday January 5, 2024",6,8,15,20,31
"Thursday January 4, 2024",7,15,21,25,39
"Wednesday January 3, 2024",11,19,20,35,39
"Tuesday January 2, 2024",13,23,27,34,35
"Monday January 1, 2024",8,10,19,25,32
"Sunday December 31, 2023",6,10,12,22,35
"Saturday December 30, 2023",5,21,23,34,38
"Friday December 29, 2023",3,8,11,16,18
"Thursday December 28, 2023",2,23,24,30,32
"Wednesday December 27, 2023",2,5,22,24,33
"Tuesday December 26, 2023",3,19,35,36,38
"Monday December 25, 2023",2,12,15,18,25
"Sunday December 24, 2023",9,11,28,33,34
"Saturday December 23, 2023",9,17,22,31,32
"Friday December 22, 2023",1,8,15,18,19
"Thursday December 21, 2023",5,8,19,21,24
"Wednesday December 20, 2023",15,18,21,27,28
"Tuesday December 19, 2023",16,22,27,30,38
"Monday December 18, 2023",14,20,23,31,32
"Sunday December 17, 2023",1,3,8,28,34
"Saturday December 16, 2023",5,11,12,22,30
"Friday December 15, 2023",15,28,35,36,39
"Thursday December 14, 2023",1,7,23,28,37
"Wednesday December 13, 2023",8,12,18,32,39
"Tuesday December 12, 2023",1,8,17,20,37
"Monday December 11, 2023",3,4,27,32,38
"Sunday December 10, 2023",8,13,23,27,28
"Saturday December 9, 2023",11,14,20,29,34
"Friday December 8, 2023",3,8,19,22,30
"Thursday December 7, 2023",5,11,19,22,37
"Wednesday December 6, 2023",1,3,20,27,35
"Tuesday December 5, 2023",10,13,16,27,38
"Monday December 4, 2023",12,17,19,32,34
"Sunday December 3, 2023",3,10,18,23,27
"Saturday December 2, 2023",9,11,20,21,35
"Friday December 1, 2023",6,20,31,32,33
"Thursday November 30, 2023",1,13,14,16,26
"Wednesday November 29, 2023",2,27,32,35,39
"Tuesday November 28, 2023",3,6,26,29,39
"Monday November 27, 2023",2,9,19,23,33
"Sunday November 26, 2023",1,10,12,13,27
"Saturday November 25, 2023",10,32,33,34,37
"Friday November 24, 2023",1,27,34,35,38
"Thursday November 23, 2023",9,21,29,33,37
"Wednesday November 22, 2023",13,17,19,33,35
"Tuesday November 21, 2023",2,12,14,15,19
"Monday November 20, 2023",7,10,23,31,33
"Sunday November 19, 2023",29,31,34,36,39
"Saturday November 18, 2023",1,8,24,30,32
"Friday November 17, 2023",8,19,21,31,32
"Thursday November 16, 2023",1,19,31,35,36
"Wednesday November 15, 2023",1,3,15,20,25
"Tuesday November 14, 2023",6,13,33,36,39
"Monday November 13, 2023",7,16,17,25,38
"Sunday November 12, 2023",7,10,12,21,25
"Saturday November 11, 2023",7,11,25,27,28
"Friday November 10, 2023",2,12,16,17,36
"Thursday November 9, 2023",12,15,22,23,32
"Wednesday November 8, 2023",11,17,18,26,30
"Tuesday November 7, 2023",12,15,21,27,28
"Monday November 6, 2023",10,20,21,30,34
"Sunday November 5, 2023",8,20,21,32,38
"Saturday November 4, 2023",6,7,15,23,36
"Friday November 3, 2023",3,16,21,34,38
"Thursday November 2, 2023",6,12,28,31,38
"Wednesday November 1, 2023",1,25,28,30,37
"Tuesday October 31, 2023",9,18,20,21,31
"Monday October 30, 2023",1,16,28,29,36
"Sunday October 29, 2023",22,23,30,31,32
"Saturday October 28, 2023",9,11,18,29,31
"Friday October 27, 2023",1,7,11,16,24
"Thursday October 26, 2023",9,14,18,23,24
"Wednesday October 25, 2023",11,12,27,30,31
"Tuesday October 24, 2023",19,31,33,34,35
"Monday October 23, 2023",3,5,25,34,37
"Sunday October 22, 2023",21,22,32,34,35
"Saturday October 21, 2023",6,25,30,34,35
"Friday October 20, 2023",1,7,20,35,39
"Thursday October 19, 2023",5,14,26,37,38
"Wednesday October 18, 2023",10,12,24,27,36
"Tuesday October 17, 2023",3,5,30,32,37
"Monday October 16, 2023",4,5,27,31,39
"Sunday October 15, 2023",4,13,17,30,38
"Saturday October 14, 2023",4,6,15,30,39
"Friday October 13, 2023",8,28,32,36,38
"Thursday October 12, 2023",3,15,26,32,35
"Wednesday October 11, 2023",20,23,26,31,33
"Tuesday October 10, 2023",19,25,30,34,37
"Monday October 9, 2023",23,25,26,30,31
"Sunday October 8, 2023",8,29,33,36,38
"Saturday October 7, 2023",8,16,17,21,25
"Friday October 6, 2023",16,23,24,25,35
"Thursday October 5, 2023",5,26,29,36,39
"Wednesday October 4, 2023",5,9,21,24,36
"Tuesday October 3, 2023",1,9,16,19,24
"Monday October 2, 2023",2,11,19,25,35
"Sunday October 1, 2023",3,7,17,23,24
"Saturday September 30, 2023",19,20,26,29,30
"Friday September 29, 2023",8,16,23,30,39
"Thursday September 28, 2023",24,26,30,32,36
"Wednesday September 27, 2023",8,9,14,27,31
"Tuesday September 26, 2023",7,13,26,28,35
"Monday September 25, 2023",5,15,28,33,38
"Sunday September 24, 2023",19,20,25,30,32
"Saturday September 23, 2023",1,4,18,23,27
"Friday September 22, 2023",6,12,16,17,18
"Thursday September 21, 2023",16,19,20,21,29
"Wednesday September 20, 2023",2,3,4,17,39
"Tuesday September 19, 2023",4,7,13,29,30
"Monday September 18, 2023",4,6,7,15,17
"Sunday September 17, 2023",8,18,30,37,38
"Saturday September 16, 2023",5,13,23,25,38
"Friday September 15, 2023",7,14,19,21,25
"Thursday September 14, 2023",11,13,14,33,34
"Wednesday September 13, 2023",2,17,20,29,30
"Tuesday September 12, 2023",2,6,8,16,18
"Monday September 11, 2023",4,13,19,23,34
"Sunday September 10, 2023",2,3,18,23,34
"Saturday September 9, 2023",5,14,21,28,32
"Friday September 8, 2023",6,8,16,20,35
"Thursday September 7, 2023",11,22,28,32,37
"Wednesday September 6, 2023",5,14,19,22,39
"Tuesday September 5, 2023",1,8,19,21,30
"Monday September 4, 2023",2,6,11,32,33
"Sunday September 3, 2023",2,17,21,32,37
"Saturday September 2, 2023",17,19,30,33,35
"Friday September 1, 2023",7,19,21,22,35
"Thursday August 31, 2023",1,18,28,29,33
"Wednesday August 30, 2023",5,21,22,27,29
"Tuesday August 29, 2023",2,7,12,21,24
"Monday August 28, 2023",3,10,22,23,32
"Sunday August 27, 2023",10,21,24,34,38
"Saturday August 26, 2023",9,13,19,29,38
"Friday August 25, 2023",19,23,25,29,34
"Thursday August 24, 2023",7,8,10,32,36
"Wednesday August 23, 2023",17,20,23,30,32
"Tuesday August 22, 2023",2,11,26,29,36
"Monday August 21, 2023",1,14,26,27,32
"Sunday August 20, 2023",3,16,23,25,29
"Saturday August 19, 2023",17,18,24,28,35
"Friday August 18, 2023",6,15,27,31,33
"Thursday August 17, 2023",17,24,26,32,38
"Wednesday August 16, 2023",5,10,20,21,22
"Tuesday August 15, 2023",3,7,13,14,22
"Monday August 14, 2023",7,10,15,21,29
"Sunday August 13, 2023",12,23,27,28,33
"Saturday August 12, 2023",1,3,6,7,15
"Friday August 11, 2023",6,8,19,21,22
"Thursday August 10, 2023",2,8,21,22,32
"Wednesday August 9, 2023",6,8,26,33,35
"Tuesday August 8, 2023",7,9,23,24,36
"Monday August 7, 2023",2,4,15,21,39
"Sunday August 6, 2023",1,10,12,32,39
"Saturday August 5, 2023",1,8,10,26,30
"Friday August 4, 2023",3,10,15,16,39
"Thursday August 3, 2023",17,23,30,36,39
"Wednesday August 2, 2023",8,21,23,26,34
"Tuesday August 1, 2023",4,6,28,30,35
"Monday July 31, 2023",13,18,26,32,35
"Sunday July 30, 2023",1,3,10,19,36
"Saturday July 29, 2023",8,9,29,32,34
"Friday July 28, 2023",4,10,17,32,34
"Thursday July 27, 2023",2,6,22,26,30
"Wednesday July 26, 2023",6,11,24,26,30
"Tuesday July 25, 2023",2,7,8,15,17
"Monday July 24, 2023",9,10,14,17,19
"Sunday July 23, 2023",5,8,20,23,31
"Saturday July 22, 2023",16,27,32,35,39
"Friday July 21, 2023",7,9,16,24,37
"Thursday July 20, 2023",7,14,27,36,39
"Wednesday July 19, 2023",6,11,12,18,34
"Tuesday July 18, 2023",15,22,24,34,39
"Monday July 17, 2023",4,10,24,26,37
"Sunday July 16, 2023",1,4,7,13,30
"Saturday July 15, 2023",1,17,22,27,38
"Friday July 14, 2023",2,10,12,17,29
"Thursday July 13, 2023",5,11,13,22,39
"Wednesday July 12, 2023",1,13,19,32,39
"Tuesday July 11, 2023",10,15,19,22,26
"Monday July 10, 2023",3,8,16,21,36
"Sunday July 9, 2023",9,17,20,34,36
"Saturday July 8, 2023",1,26,35,36,39
"Friday July 7, 2023",10,13,15,23,29
"Thursday July 6, 2023",7,8,18,31,36
"Wednesday July 5, 2023",21,33,34,35,37
"Tuesday July 4, 2023",6,17,31,33,37
"Monday July 3, 2023",5,15,28,30,35
"Sunday July 2, 2023",7,13,19,29,39
"Saturday July 1, 2023",8,17,19,20,36
"Friday June 30, 2023",1,7,19,33,39
"Thursday June 29, 2023",5,6,12,13,16
"Wednesday June 28, 2023",9,10,21,22,38
"Tuesday June 27, 2023",2,17,26,30,34
"Monday June 26, 2023",1,19,25,26,29
"Sunday June 25, 2023",9,13,33,34,36
"Saturday June 24, 2023",8,11,17,19,28
"Friday June 23, 2023",7,11,15,19,23
"Thursday June 22, 2023",11,14,18,30,38
"Wednesday June 21, 2023",6,12,17,32,37
"Tuesday June 20, 2023",18,23,27,34,35
"Monday June 19, 2023",16,25,30,31,35
"Sunday June 18, 2023",5,17,21,31,34
"Saturday June 17, 2023",2,9,13,14,39
"Friday June 16, 2023",10,12,25,27,34
"Thursday June 15, 2023",7,21,29,36,39
"Wednesday June 14, 2023",6,22,29,31,34
"Tuesday June 13, 2023",5,10,16,19,30
"Monday June 12, 2023",9,12,26,32,35
"Sunday June 11, 2023",5,7,12,24,27
"Saturday June 10, 2023",6,20,22,32,37
"Friday June 9, 2023",5,29,34,35,39
"Thursday June 8, 2023",24,25,30,38,39
"Wednesday June 7, 2023",12,16,21,23,28
"Tuesday June 6, 2023",18,20,25,27,31
"Monday June 5, 2023",10,14,18,38,39
"Sunday June 4, 2023",1,11,17,19,23
"Saturday June 3, 2023",4,29,33,34,39
"Friday June 2, 2023",3,13,21,31,33
"Thursday June 1, 2023",3,8,11,29,33
"Wednesday May 31, 2023",2,8,21,25,32
"Tuesday May 30, 2023",8,13,24,36,39
"Monday May 29, 2023",8,10,12,30,37
"Sunday May 28, 2023",2,4,12,15,16
"Saturday May 27, 2023",10,12,18,29,34
"Friday May 26, 2023",7,11,28,31,34
"Thursday May 25, 2023",8,11,25,27,29
"Wednesday May 24, 2023",5,10,23,35,37
"Tuesday May 23, 2023",17,18,21,34,38
"Monday May 22, 2023",14,19,25,30,39
"Sunday May 21, 2023",3,23,28,29,36
"Saturday May 20, 2023",10,14,30,32,35
"Friday May 19, 2023",6,11,14,23,33
"Thursday May 18, 2023",6,22,31,32,35
"Wednesday May 17, 2023",6,15,17,23,31
"Tuesday May 16, 2023",3,11,18,23,24
"Monday May 15, 2023",9,33,34,38,39
"Sunday May 14, 2023",1,3,6,10,39
"Saturday May 13, 2023",17,19,23,27,36
"Friday May 12, 2023",24,27,30,33,36
"Thursday May 11, 2023",10,15,18,24,26
"Wednesday May 10, 2023",1,8,17,22,28
"Tuesday May 9, 2023",9,15,25,29,34
"Monday May 8, 2023",10,11,21,29,32
"Sunday May 7, 2023",8,16,20,23,38
"Saturday May 6, 2023",18,19,26,30,36
"Friday May 5, 2023",5,11,19,28,35
"Thursday May 4, 2023",10,20,22,28,33
"Wednesday May 3, 2023",5,13,35,37,39
"Tuesday May 2, 2023",10,16,22,31,37
"Monday May 1, 2023",3,4,11,16,31
"Sunday April 30, 2023",4,15,22,26,32
"Saturday April 29, 2023",14,17,23,33,35
"Friday April 28, 2023",2,17,19,35,37
"Thursday April 27, 2023",3,5,31,34,36
"Wednesday April 26, 2023",13,15,22,26,33
"Tuesday April 25, 2023",5,11,15,32,34
"Monday April 24, 2023",2,5,12,13,29
"Sunday April 23, 2023",7,11,13,14,38
"Saturday April 22, 2023",2,13,15,19,36
"Friday April 21, 2023",7,12,25,30,31
"Thursday April 20, 2023",7,11,17,29,35
"Wednesday April 19, 2023",7,12,27,31,39
"Tuesday April 18, 2023",2,9,15,28,34
"Monday April 17, 2023",8,11,16,23,27
"Sunday April 16, 2023",7,10,14,15,33
"Saturday April 15, 2023",15,21,24,28,36
"Friday April 14, 2023",3,13,19,32,35
"Thursday April 13, 2023",1,5,11,19,30
"Wednesday April 12, 2023",7,12,25,28,37
"Tuesday April 11, 2023",9,13,19,29,37
"Monday April 10, 2023",21,23,26,28,30
"Sunday April 9, 2023",14,16,20,25,39
"Saturday April 8, 2023",15,24,26,27,37
"Friday April 7, 2023",4,17,21,23,38
"Thursday April 6, 2023",5,8,11,20,34
"Wednesday April 5, 2023",7,8,16,27,39
"Tuesday April 4, 2023",1,9,18,23,30
"Monday April 3, 2023",1,4,14,23,27
"Sunday April 2, 2023",9,10,18,29,32
"Saturday April 1, 2023",8,16,17,20,37
"Friday March 31, 2023",2,10,15,30,36
"Thursday March 30, 2023",1,13,29,33,36
"Wednesday March 29, 2023",3,16,24,31,36
"Tuesday March 28, 2023",1,14,18,22,35
"Monday March 27, 2023",1,7,9,14,36
"Sunday March 26, 2023",2,10,27,32,36
"Saturday March 25, 2023",5,12,20,24,30
"Friday March 24, 2023",3,5,7,12,31
"Thursday March 23, 2023",1,15,16,20,26
"Wednesday March 22, 2023",4,8,27,28,29
"Tuesday March 21, 2023",4,10,11,15,33
"Monday March 20, 2023",1,2,4,7,25
"Sunday March 19, 2023",15,26,34,37,38
"Saturday March 18, 2023",1,6,9,10,13
"Friday March 17, 2023",7,13,22,28,29
"Thursday March 16, 2023",9,11,18,32,38
"Wednesday March 15, 2023",11,18,26,34,39
"Tuesday March 14, 2023",4,6,17,30,33
"Monday March 13, 2023",5,8,18,26,36
"Sunday March 12, 2023",1,3,10,13,39
"Saturday March 11, 2023",1,21,22,37,39
"Friday March 10, 2023",1,2,14,28,31
"Thursday March 9, 2023",4,10,29,36,39
"Wednesday March 8, 2023",4,6,19,30,35
"Tuesday March 7, 2023",1,13,22,27,37
"Monday March 6, 2023",1,4,5,13,29
"Sunday March 5, 2023",5,7,12,15,17
"Saturday March 4, 2023",3,11,30,35,37
"Friday March 3, 2023",2,5,16,32,33
"Thursday March 2, 2023",5,16,31,32,37
"Wednesday March 1, 2023",5,12,19,23,39
"Tuesday February 28, 2023",12,22,27,37,39
"Monday February 27, 2023",13,18,22,25,34
"Sunday February 26, 2023",2,10,14,31,33
"Saturday February 25, 2023",24,25,26,28,39
"Friday February 24, 2023",2,10,11,29,34
"Thursday February 23, 2023",6,7,8,34,35
"Wednesday February 22, 2023",8,11,33,34,38
"Tuesday February 21, 2023",2,7,9,27,34
"Monday February 20, 2023",7,10,22,23,31
"Sunday February 19, 2023",3,10,25,27,39
"Saturday February 18, 2023",2,5,11,20,23
"Friday February 17, 2023",7,11,15,36,38
"Thursday February 16, 2023",5,14,25,32,34
"Wednesday February 15, 2023",25,28,30,37,39
"Tuesday February 14, 2023",11,12,34,37,38
"Monday February 13, 2023",3,9,11,17,28
"Sunday February 12, 2023",2,11,12,15,22
"Saturday February 11, 2023",2,7,9,10,39
"Friday February 10, 2023",7,8,23,31,36
"Thursday February 9, 2023",9,18,30,35,37
"Wednesday February 8, 2023",4,16,19,28,33
"Tuesday February 7, 2023",2,22,29,30,39
"Monday February 6, 2023",6,10,16,25,32
"Sunday February 5, 2023",3,8,18,22,35
"Saturday February 4, 2023",9,22,27,30,33
"Friday February 3, 2023",21,22,33,36,39
"Thursday February 2, 2023",3,4,13,15,25
"Wednesday February 1, 2023",11,16,25,30,32
"Tuesday January 31, 2023",8,16,23,24,26
"Monday January 30, 2023",2,13,25,32,37
"Sunday January 29, 2023",13,19,33,36,39
"Saturday January 28, 2023",8,10,22,26,30
"Friday January 27, 2023",8,13,28,30,35
"Thursday January 26, 2023",1,26,27,30,39
"Wednesday January 25, 2023",12,15,17,26,39
"Tuesday January 24, 2023",9,19,21,33,36
"Monday January 23, 2023",1,14,21,32,39
"Sunday January 22, 2023",10,15,20,32,39
"Saturday January 21, 2023",2,16,22,30,36
"Friday January 20, 2023",1,7,18,37,38
"Thursday January 19, 2023",6,18,28,32,39
"Wednesday January 18, 2023",1,12,18,25,35
"Tuesday January 17, 2023",11,12,14,21,26
"Monday January 16, 2023",2,16,31,34,38
"Sunday January 15, 2023",19,29,35,37,39
"Saturday January 14, 2023",8,21,22,28,38
"Friday January 13, 2023",9,23,24,30,38
"Thursday January 12, 2023",12,16,32,38,39
"Wednesday January 11, 2023",2,6,22,23,27
"Tuesday January 10, 2023",7,9,16,27,32
"Monday January 9, 2023",13,17,21,24,28
"Sunday January 8, 2023",5,17,18,28,39
"Saturday January 7, 2023",10,16,22,31,34
"Friday January 6, 2023",3,19,26,28,32
"Thursday January 5, 2023",13,14,23,25,37
"Wednesday January 4, 2023",17,19,26,30,39
"Tuesday January 3, 2023",2,12,14,17,38
"Monday January 2, 2023",8,10,12,15,33
"Sunday January 1, 2023",1,3,8,10,26
"Saturday December 31, 2022",8,11,27,37,38
"Friday December 30, 2022",4,22,26,33,38
"Thursday December 29, 2022",13,17,22,31,39
"Wednesday December 28, 2022",4,24,26,31,37
"Tuesday December 27, 2022",1,11,30,34,35
"Monday December 26, 2022",16,27,33,37,38
"Sunday December 25, 2022",1,3,10,26,28
"Saturday December 24, 2022",5,13,19,24,33
"Friday December 23, 2022",2,10,13,30,32
"Thursday December 22, 2022",1,20,21,30,38
"Wednesday December 21, 2022",6,17,28,29,35
"Tuesday December 20, 2022",1,7,28,29,39
"Monday December 19, 2022",18,25,27,28,37
"Sunday December 18, 2022",10,20,27,34,37
"Saturday December 17, 2022",9,11,12,27,30
"Friday December 16, 2022",5,10,15,29,32
"Thursday December 15, 2022",17,18,23,33,34
"Wednesday December 14, 2022",6,21,25,28,39
"Tuesday December 13, 2022",6,15,21,29,38
"Monday December 12, 2022",6,9,20,26,39
"Sunday December 11, 2022",3,13,14,15,33
"Saturday December 10, 2022",8,9,33,35,38
"Friday December 9, 2022",5,6,10,24,31
"Thursday December 8, 2022",13,15,33,37,38
"Wednesday December 7, 2022",5,12,17,18,29
"Tuesday December 6, 2022",1,4,10,29,36
"Monday December 5, 2022",2,3,17,35,38
"Sunday December 4, 2022",8,9,19,29,38
"Saturday December 3, 2022",4,7,14,27,38
"Friday December 2, 2022",9,10,15,19,34
"Thursday December 1, 2022",15,17,19,22,26
"Wednesday November 30, 2022",8,9,11,12,25
"Tuesday November 29, 2022",2,8,11,25,33
"Monday November 28, 2022",12,25,27,35,38
"Sunday November 27, 2022",4,5,18,19,23
"Saturday November 26, 2022",18,25,29,33,35
"Friday November 25, 2022",8,24,26,37,39
"Thursday November 24, 2022",14,21,25,29,35
"Wednesday November 23, 2022",18,20,29,31,32
"Tuesday November 22, 2022",8,10,24,38,39
"Monday November 21, 2022",10,15,18,26,28
"Sunday November 20, 2022",4,19,32,36,39
"Saturday November 19, 2022",11,24,28,36,37
"Friday November 18, 2022",17,23,26,29,30
"Thursday November 17, 2022",10,19,29,32,38
"Wednesday November 16, 2022",7,9,11,31,39
"Tuesday November 15, 2022",5,8,16,25,33
"Monday November 14, 2022",2,6,7,11,28
"Sunday November 13, 2022",16,17,23,27,37
"Saturday November 12, 2022",6,13,21,30,31
"Friday November 11, 2022",8,10,14,23,39
"Thursday November 10, 2022",1,20,23,34,39
"Wednesday November 9, 2022",2,7,9,10,11
"Tuesday November 8, 2022",3,10,29,36,39
"Monday November 7, 2022",1,8,15,22,34
"Sunday November 6, 2022",3,6,7,22,24
"Saturday November 5, 2022",2,4,5,9,36
"Friday November 4, 2022",1,2,3,35,36
"Thursday November 3, 2022",1,9,20,29,30
"Wednesday November 2, 2022",10,14,16,27,33
"Tuesday November 1, 2022",3,11,26,29,37
"Monday October 31, 2022",1,9,18,24,37
"Sunday October 30, 2022",4,12,21,33,36
"Saturday October 29, 2022",5,20,23,26,39
"Friday October 28, 2022",1,3,27,29,32
"Thursday October 27, 2022",4,14,21,26,34
"Wednesday October 26, 2022",5,9,18,19,28
"Tuesday October 25, 2022",19,20,29,31,36
"Monday October 24, 2022",12,19,32,34,35
"Sunday October 23, 2022",1,5,10,19,38
"Saturday October 22, 2022",12,24,31,35,37
"Friday October 21, 2022",6,8,12,19,21
"Thursday October 20, 2022",8,11,15,27,31
"Wednesday October 19, 2022",1,3,5,18,20
"Tuesday October 18, 2022",6,9,16,24,27
"Monday October 17, 2022",3,13,19,35,39
"Sunday October 16, 2022",2,12,18,21,29
"Saturday October 15, 2022",21,22,31,34,37
"Friday October 14, 2022",3,6,18,31,38
"Thursday October 13, 2022",19,23,28,35,37
"Wednesday October 12, 2022",1,2,6,8,15
"Tuesday October 11, 2022",2,26,27,29,37
"Monday October 10, 2022",1,3,23,25,27
"Sunday October 9, 2022",1,18,33,35,37
"Saturday October 8, 2022",5,9,11,21,36
"Friday October 7, 2022",4,6,14,33,38
"Thursday October 6, 2022",1,7,16,31,35
"Wednesday October 5, 2022",6,15,27,35,37
"Tuesday October 4, 2022",11,16,23,31,38
"Monday October 3, 2022",1,2,3,14,35
"Sunday October 2, 2022",7,8,21,37,38
"Saturday October 1, 2022",9,11,16,25,30
"Friday September 30, 2022",1,9,19,33,37
"Thursday September 29, 2022",2,23,34,36,38
"Wednesday September 28, 2022",18,26,31,32,37
"Tuesday September 27, 2022",12,13,18,22,23
"Monday September 26, 2022",7,9,22,23,36
"Sunday September 25, 2022",7,17,19,20,35
"Saturday September 24, 2022",5,8,15,28,32
"Friday September 23, 2022",1,2,4,10,13
"Thursday September 22, 2022",1,23,29,30,31
"Wednesday September 21, 2022",7,14,28,30,33
"Tuesday September 20, 2022",1,9,22,34,38
"Monday September 19, 2022",2,3,17,24,39
"Sunday September 18, 2022",3,20,24,25,32
"Saturday September 17, 2022",4,14,15,34,35
"Friday September 16, 2022",19,27,33,35,36
"Thursday September 15, 2022",1,4,13,17,38
"Wednesday September 14, 2022",19,22,34,38,39
"Tuesday September 13, 2022",2,8,17,23,29
"Monday September 12, 2022",5,6,18,27,39
"Sunday September 11, 2022",10,12,14,27,31
"Saturday September 10, 2022",7,16,20,24,39
"Friday September 9, 2022",9,14,16,35,37
"Thursday September 8, 2022",1,5,12,17,32
"Wednesday September 7, 2022",12,17,25,29,32
"Tuesday September 6, 2022",21,27,29,36,38
"Monday September 5, 2022",1,18,24,31,34
"Sunday September 4, 2022",13,21,24,27,37
"Saturday September 3, 2022",4,6,9,18,30
"Friday September 2, 2022",14,18,26,31,38
"Thursday September 1, 2022",8,10,11,15,30
"Wednesday August 31, 2022",1,3,8,11,38
"Tuesday August 30, 2022",8,13,28,29,31
"Monday August 29, 2022",4,10,15,33,37
"Sunday August 28, 2022",6,12,13,20,34
"Saturday August 27, 2022",8,9,28,34,39
"Friday August 26, 2022",3,5,22,37,39
"Thursday August 25, 2022",3,10,15,16,19
"Wednesday August 24, 2022",4,6,15,19,30
"Tuesday August 23, 2022",4,11,15,30,37
"Monday August 22, 2022",9,10,16,22,35
"Sunday August 21, 2022",1,4,15,24,36
"Saturday August 20, 2022",12,13,16,18,29
"Friday August 19, 2022",4,11,27,38,39
"Thursday August 18, 2022",1,13,26,29,35
"Wednesday August 17, 2022",21,22,28,29,35
"Tuesday August 16, 2022",14,20,21,26,32
"Monday August 15, 2022",1,11,18,25,29
"Sunday August 14, 2022",7,18,29,33,38
"Saturday August 13, 2022",2,16,18,20,39
"Friday August 12, 2022",9,23,26,27,37
"Thursday August 11, 2022",1,15,26,27,33
"Wednesday August 10, 2022",3,8,9,35,36
"Tuesday August 9, 2022",5,17,23,26,28
"Monday August 8, 2022",9,14,27,31,38
"Sunday August 7, 2022",9,11,13,15,23
"Saturday August 6, 2022",6,16,22,34,36
"Friday August 5, 2022",11,13,14,26,30
"Thursday August 4, 2022",2,12,16,19,38
"Wednesday August 3, 2022",7,12,13,24,25
"Tuesday August 2, 2022",1,15,17,27,37
"Monday August 1, 2022",11,27,28,32,34
"Sunday July 31, 2022",1,3,5,15,33
"Saturday July 30, 2022",2,8,27,29,35
"Friday July 29, 2022",9,14,16,25,33
"Thursday July 28, 2022",5,23,26,34,38
"Wednesday July 27, 2022",3,13,25,30,31
"Tuesday July 26, 2022",5,6,18,33,35
"Monday July 25, 2022",7,12,24,33,35
"Sunday July 24, 2022",15,17,24,29,31
"Saturday July 23, 2022",7,23,24,26,29
"Friday July 22, 2022",7,16,27,33,37
"Thursday July 21, 2022",8,10,11,13,25
"Wednesday July 20, 2022",2,17,19,24,36
"Tuesday July 19, 2022",1,2,12,23,35
"Monday July 18, 2022",2,9,13,29,36
"Sunday July 17, 2022",7,18,24,33,34
"Saturday July 16, 2022",4,5,11,20,30
"Friday July 15, 2022",29,30,32,34,37
"Thursday July 14, 2022",6,7,9,18,21
"Wednesday July 13, 2022",20,29,31,33,38
"Tuesday July 12, 2022",11,16,21,30,37
"Monday July 11, 2022",4,8,19,22,39
"Sunday July 10, 2022",15,16,17,18,28
"Saturday July 9, 2022",7,8,13,31,39
"Friday July 8, 2022",1,4,25,26,30
"Thursday July 7, 2022",13,28,31,34,36
"Wednesday July 6, 2022",8,17,21,22,32
"Tuesday July 5, 2022",4,11,12,22,32
"Monday July 4, 2022",13,24,26,36,37
"Sunday July 3, 2022",3,6,7,11,24
"Saturday July 2, 2022",4,19,33,36,39
"Friday July 1, 2022",7,8,11,22,24
"Thursday June 30, 2022",5,20,23,32,39
"Wednesday June 29, 2022",10,16,24,25,34
"Tuesday June 28, 2022",5,7,9,12,37
"Monday June 27, 2022",7,9,12,15,23
"Sunday June 26, 2022",11,19,27,28,39
"Saturday June 25, 2022",1,12,22,37,38
"Friday June 24, 2022",5,9,27,36,39
"Thursday June 23, 2022",4,8,9,30,32
"Wednesday June 22, 2022",7,15,18,20,36
"Tuesday June 21, 2022",6,18,19,20,29
"Monday June 20, 2022",9,14,15,17,35
"Sunday June 19, 2022",4,10,26,31,39
"Saturday June 18, 2022",10,19,20,30,34
"Friday June 17, 2022",4,7,8,30,34
"Thursday June 16, 2022",11,14,17,23,30
"Wednesday June 15, 2022",2,11,22,26,34
"Tuesday June 14, 2022",4,15,24,33,35
"Monday June 13, 2022",6,22,28,31,39
"Sunday June 12, 2022",6,12,14,20,27
"Saturday June 11, 2022",3,5,29,34,36
"Friday June 10, 2022",1,3,11,17,23
"Thursday June 9, 2022",10,13,15,26,27
"Wednesday June 8, 2022",1,4,10,17,27
"Tuesday June 7, 2022",7,12,14,28,39
"Monday June 6, 2022",8,20,21,33,37
"Sunday June 5, 2022",5,10,12,26,34
"Saturday June 4, 2022",4,8,10,26,27
"Friday June 3, 2022",8,10,11,14,28
"Thursday June 2, 2022",5,7,17,19,37
"Wednesday June 1, 2022",5,8,11,19,39
"Tuesday May 31, 2022",22,29,33,36,38
"Monday May 30, 2022",3,5,11,14,29
"Sunday May 29, 2022",4,7,10,26,30
"Saturday May 28, 2022",21,33,35,37,38
"Friday May 27, 2022",6,16,18,20,38
"Thursday May 26, 2022",11,13,19,20,27
"Wednesday May 25, 2022",15,25,27,30,36
"Tuesday May 24, 2022",5,8,11,18,23
"Monday May 23, 2022",14,27,33,37,38
"Sunday May 22, 2022",2,13,27,28,32
"Saturday May 21, 2022",4,8,25,35,39
"Friday May 20, 2022",13,17,25,34,37
"Thursday May 19, 2022",2,24,35,37,38
"Wednesday May 18, 2022",2,18,20,25,32
"Tuesday May 17, 2022",5,22,24,32,35
"Monday May 16, 2022",3,4,7,29,34
"Sunday May 15, 2022",2,8,9,15,33
"Saturday May 14, 2022",6,8,10,19,34
"Friday May 13, 2022",2,10,13,21,27
"Thursday May 12, 2022",7,8,13,18,21
"Wednesday May 11, 2022",13,15,19,21,23
"Tuesday May 10, 2022",1,9,22,23,35
"Monday May 9, 2022",5,8,24,25,35
"Sunday May 8, 2022",2,3,9,25,39
"Saturday May 7, 2022",13,15,25,26,35
"Friday May 6, 2022",3,9,14,25,26
"Thursday May 5, 2022",2,11,18,21,27
"Wednesday May 4, 2022",7,16,26,33,35
"Tuesday May 3, 2022",1,12,27,29,38
"Monday May 2, 2022",11,13,29,34,38
"Sunday May 1, 2022",8,14,29,36,37
"Saturday April 30, 2022",3,6,9,36,39
"Friday April 29, 2022",2,9,16,21,30
"Thursday April 28, 2022",20,24,25,37,38
"Wednesday April 27, 2022",1,4,18,23,25
"Tuesday April 26, 2022",3,18,21,24,35
"Monday April 25, 2022",9,15,22,27,29
"Sunday April 24, 2022",5,6,7,32,34
"Saturday April 23, 2022",13,16,20,29,32
"Friday April 22, 2022",1,2,21,22,31
"Thursday April 21, 2022",5,10,13,16,18
"Wednesday April 20, 2022",2,25,34,36,37
"Tuesday April 19, 2022",9,12,32,36,39
"Monday April 18, 2022",15,16,22,23,27
"Sunday April 17, 2022",22,26,29,34,38
"Saturday April 16, 2022",15,17,25,32,39
"Friday April 15, 2022",2,8,12,19,39
"Thursday April 14, 2022",18,24,28,31,39
"Wednesday April 13, 2022",4,12,17,18,22
"Tuesday April 12, 2022",3,13,20,27,35
"Monday April 11, 2022",10,22,25,28,30
"Sunday April 10, 2022",8,10,16,30,33
"Saturday April 9, 2022",6,10,12,14,34
"Friday April 8, 2022",16,17,22,26,28
"Thursday April 7, 2022",3,9,14,37,39
"Wednesday April 6, 2022",5,21,26,31,33
"Tuesday April 5, 2022",13,15,17,30,36
"Monday April 4, 2022",6,10,11,28,38
"Sunday April 3, 2022",10,15,22,35,39
"Saturday April 2, 2022",7,15,16,18,31
"Friday April 1, 2022",22,24,26,27,39
"Thursday March 31, 2022",12,17,18,23,35
"Wednesday March 30, 2022",7,22,23,28,31
"Tuesday March 29, 2022",3,14,22,25,28
"Monday March 28, 2022",12,17,21,22,28
"Sunday March 27, 2022",2,9,12,20,37
"Saturday March 26, 2022",7,13,21,33,36
"Friday March 25, 2022",7,9,23,28,30
"Thursday March 24, 2022",9,30,31,32,39
"Wednesday March 23, 2022",7,13,14,21,26
"Tuesday March 22, 2022",16,18,30,33,36
"Monday March 21, 2022",6,16,20,30,33
"Sunday March 20, 2022",13,18,19,25,26
"Saturday March 19, 2022",5,15,17,19,23
"Friday March 18, 2022",6,16,19,29,35
"Thursday March 17, 2022",7,15,19,29,36
"Wednesday March 16, 2022",5,17,18,21,38
"Tuesday March 15, 2022",6,12,15,23,32
"Monday March 14, 2022",6,13,27,30,38
"Sunday March 13, 2022",4,7,14,16,34
"Saturday March 12, 2022",7,15,22,25,37
"Friday March 11, 2022",3,4,20,21,23
"Thursday March 10, 2022",9,11,14,18,37
"Wednesday March 9, 2022",14,18,19,20,29
"Tuesday March 8, 2022",2,10,11,12,25
"Monday March 7, 2022",3,13,24,34,36
"Sunday March 6, 2022",4,8,11,19,39
"Saturday March 5, 2022",22,28,33,35,36
"Friday March 4, 2022",9,18,24,30,32
"Thursday March 3, 2022",4,16,21,28,33
"Wednesday March 2, 2022",1,2,4,11,19
"Tuesday March 1, 2022",1,3,9,21,29
"Monday February 28, 2022",14,17,20,23,38
"Sunday February 27, 2022",5,16,27,33,35
"Saturday February 26, 2022",3,13,19,26,27
"Friday February 25, 2022",2,11,23,35,37
"Thursday February 24, 2022",8,9,19,37,38
"Wednesday February 23, 2022",2,8,19,27,32
"Tuesday February 22, 2022",1,2,7,12,30
"Monday February 21, 2022",4,9,19,20,22
"Sunday February 20, 2022",9,19,30,31,36
"Saturday February 19, 2022",4,7,19,22,33
"Friday February 18, 2022",4,13,27,34,39
"Thursday February 17, 2022",3,7,19,22,36
"Wednesday February 16, 2022",13,23,32,36,38
"Tuesday February 15, 2022",7,21,26,27,30
"Monday February 14, 2022",14,17,21,25,27
"Sunday February 13, 2022",14,24,29,33,36
"Saturday February 12, 2022",3,4,21,24,27
"Friday February 11, 2022",9,11,17,29,32
"Thursday February 10, 2022",4,11,27,30,32
"Wednesday February 9, 2022",4,6,17,23,25
"Tuesday February 8, 2022",6,18,25,38,39
"Monday February 7, 2022",13,14,20,35,38
"Sunday February 6, 2022",6,20,28,31,38
"Saturday February 5, 2022",13,20,25,30,34
"Friday February 4, 2022",4,5,6,24,36
"Thursday February 3, 2022",14,17,18,37,39
"Wednesday February 2, 2022",6,19,21,27,34
"Tuesday February 1, 2022",7,10,26,33,39
"Monday January 31, 2022",2,6,21,25,31
"Sunday January 30, 2022",9,14,15,36,38
"Saturday January 29, 2022",1,3,4,9,26
"Friday January 28, 2022",6,9,21,33,37
"Thursday January 27, 2022",13,31,32,38,39
"Wednesday January 26, 2022",5,8,17,35,37
"Tuesday January 25, 2022",6,14,23,28,38
"Monday January 24, 2022",2,3,4,6,15
"Sunday January 23, 2022",6,7,19,24,27
"Saturday January 22, 2022",6,21,27,36,38
"Friday January 21, 2022",10,22,24,29,32
"Thursday January 20, 2022",1,8,14,31,36
"Wednesday January 19, 2022",3,12,15,32,36
"Tuesday January 18, 2022",24,33,35,37,38
"Monday January 17, 2022",5,20,26,27,37
"Sunday January 16, 2022",8,15,26,28,29
"Saturday January 15, 2022",3,9,12,16,39
"Friday January 14, 2022",7,16,17,22,26
"Thursday January 13, 2022",13,24,30,33,38
"Wednesday January 12, 2022",13,19,28,35,38
"Tuesday January 11, 2022",8,13,15,22,33
"Monday January 10, 2022",5,11,15,31,38
"Sunday January 9, 2022",9,18,27,29,37
"Saturday January 8, 2022",3,8,10,17,21
"Friday January 7, 2022",5,11,27,28,35
"Thursday January 6, 2022",5,12,18,22,33
"Wednesday January 5, 2022",1,6,8,18,38
"Tuesday January 4, 2022",16,17,30,31,39
"Monday January 3, 2022",10,12,15,27,35
"Sunday January 2, 2022",6,11,24,31,33
"Saturday January 1, 2022",2,5,25,26,38
"Friday December 31, 2021",8,30,31,35,36
"Thursday December 30, 2021",6,13,16,17,18
"Wednesday December 29, 2021",9,12,18,34,39
"Tuesday December 28, 2021",2,9,22,24,27
"Monday December 27, 2021",7,11,16,19,39
"Sunday December 26, 2021",7,11,24,30,39
"Saturday December 25, 2021",3,8,24,38,39
"Friday December 24, 2021",8,9,23,27,38
"Thursday December 23, 2021",9,15,22,33,35
"Wednesday December 22, 2021",4,11,30,31,38
"Tuesday December 21, 2021",2,5,13,17,25
"Monday December 20, 2021",1,9,11,17,31
"Sunday December 19, 2021",7,13,25,28,34
"Saturday December 18, 2021",11,12,18,21,23
"Friday December 17, 2021",6,9,12,25,36
"Thursday December 16, 2021",5,10,14,18,29
"Wednesday December 15, 2021",1,2,8,11,38
"Tuesday December 14, 2021",2,8,21,29,32
"Monday December 13, 2021",19,21,29,34,36
"Sunday December 12, 2021",1,2,18,20,30
"Saturday December 11, 2021",13,21,26,30,38
"Friday December 10, 2021",9,12,17,29,31
"Thursday December 9, 2021",4,7,12,13,14
"Wednesday December 8, 2021",2,8,14,31,39
"Tuesday December 7, 2021",1,21,23,33,37
"Monday December 6, 2021",12,15,28,33,36
"Sunday December 5, 2021",7,9,10,33,37
"Saturday December 4, 2021",1,3,4,29,31
"Friday December 3, 2021",2,9,10,26,38
"Thursday December 2, 2021",8,15,20,22,32
"Wednesday December 1, 2021",9,28,30,34,35
"Tuesday November 30, 2021",1,2,12,13,14
"Monday November 29, 2021",13,17,20,29,31
"Sunday November 28, 2021",4,10,31,33,38
"Saturday November 27, 2021",4,16,25,30,39
"Friday November 26, 2021",9,20,27,30,37
"Thursday November 25, 2021",5,9,27,33,37
"Wednesday November 24, 2021",1,4,8,12,33
"Tuesday November 23, 2021",3,5,15,18,36
"Monday November 22, 2021",6,16,23,34,37
"Sunday November 21, 2021",3,14,29,36,38
"Saturday November 20, 2021",19,22,26,33,36
"Friday November 19, 2021",3,13,14,29,33
"Thursday November 18, 2021",4,6,12,25,33
"Wednesday November 17, 2021",4,7,14,19,31
"Tuesday November 16, 2021",14,15,20,22,35
"Monday November 15, 2021",8,12,18,27,34
"Sunday November 14, 2021",6,9,18,27,38
"Saturday November 13, 2021",3,11,12,15,32
"Friday November 12, 2021",18,20,27,32,35
"Thursday November 11, 2021",13,14,21,35,37
"Wednesday November 10, 2021",2,6,11,20,38
"Tuesday November 9, 2021",1,11,21,23,27
"Monday November 8, 2021",11,13,14,32,38
"Sunday November 7, 2021",6,11,17,30,33
"Saturday November 6, 2021",10,14,29,30,39
"Friday November 5, 2021",4,6,13,30,34
"Thursday November 4, 2021",6,11,15,29,31
"Wednesday November 3, 2021",6,28,31,32,33
"Tuesday November 2, 2021",6,11,12,14,18
"Monday November 1, 2021",7,8,15,19,22
"Sunday October 31, 2021",12,18,23,27,33
"Saturday October 30, 2021",5,12,21,27,31
"Friday October 29, 2021",1,5,17,37,39
"Thursday October 28, 2021",2,7,12,13,29
"Wednesday October 27, 2021",11,14,20,33,37
"Tuesday October 26, 2021",1,3,8,31,39
"Monday October 25, 2021",1,12,27,31,36
"Sunday October 24, 2021",4,11,30,32,39
"Saturday October 23, 2021",4,14,17,18,30
"Friday October 22, 2021",9,12,14,21,34
"Thursday October 21, 2021",2,5,12,18,24
"Wednesday October 20, 2021",3,7,21,34,35
"Tuesday October 19, 2021",2,3,4,28,39
"Monday October 18, 2021",13,17,34,37,38
"Sunday October 17, 2021",7,17,18,21,24
"Saturday October 16, 2021",4,25,29,33,35
"Friday October 15, 2021",8,13,16,21,24
"Thursday October 14, 2021",2,8,11,31,38
"Wednesday October 13, 2021",17,22,30,35,36
"Tuesday October 12, 2021",5,7,8,19,30
"Monday October 11, 2021",5,12,15,32,39
"Sunday October 10, 2021",2,15,20,24,34
"Saturday October 9, 2021",6,8,11,29,39
"Friday October 8, 2021",4,15,20,28,30
"Thursday October 7, 2021",3,9,10,38,39
"Wednesday October 6, 2021",2,7,14,21,22
"Tuesday October 5, 2021",3,8,16,19,21
"Monday October 4, 2021",6,20,28,29,35
"Sunday October 3, 2021",3,13,17,18,26
"Saturday October 2, 2021",1,32,36,37,39
"Friday October 1, 2021",17,24,26,38,39
"Thursday September 30, 2021",7,14,15,25,33
"Wednesday September 29, 2021",4,14,23,28,38
"Tuesday September 28, 2021",6,9,22,31,33
"Monday September 27, 2021",2,4,5,19,31
"Sunday September 26, 2021",14,17,28,32,33
"Saturday September 25, 2021",3,19,24,28,32
"Friday September 24, 2021",2,3,15,16,31
"Thursday September 23, 2021",5,9,22,32,37
"Wednesday September 22, 2021",2,15,22,25,36
"Tuesday September 21, 2021",11,18,23,29,31
"Monday September 20, 2021",2,15,27,37,38
"Sunday September 19, 2021",10,11,31,34,37
"Saturday September 18, 2021",10,16,18,19,34
"Friday September 17, 2021",5,6,7,26,30
"Thursday September 16, 2021",2,17,23,30,32
"Wednesday September 15, 2021",9,14,26,28,30
"Tuesday September 14, 2021",6,8,24,36,38
"Monday September 13, 2021",2,8,16,25,32
"Sunday September 12, 2021",1,5,6,13,31
"Saturday September 11, 2021",7,13,19,32,33
"Friday September 10, 2021",5,23,29,36,39
"Thursday September 9, 2021",11,13,29,36,39
"Wednesday September 8, 2021",11,13,15,19,24
"Tuesday September 7, 2021",8,12,17,26,34
"Monday September 6, 2021",3,16,24,33,35
"Sunday September 5, 2021",7,8,16,28,34
"Saturday September 4, 2021",11,16,34,38,39
"Friday September 3, 2021",6,25,32,33,35
"Thursday September 2, 2021",5,6,9,18,24
"Wednesday September 1, 2021",1,7,16,23,29
"Tuesday August 31, 2021",9,18,19,26,27
"Monday August 30, 2021",8,9,20,28,30
"Sunday August 29, 2021",1,5,10,28,31
"Saturday August 28, 2021",15,16,17,26,31
"Friday August 27, 2021",2,6,14,36,39
"Thursday August 26, 2021",10,13,21,28,34
"Wednesday August 25, 2021",10,19,23,25,30
"Tuesday August 24, 2021",2,18,21,22,24
"Monday August 23, 2021",6,19,23,30,35
"Sunday August 22, 2021",6,7,12,17,34
"Saturday August 21, 2021",6,16,24,28,30
"Friday August 20, 2021",3,5,26,29,32
"Thursday August 19, 2021",4,11,21,27,37
"Wednesday August 18, 2021",1,9,12,14,21
"Tuesday August 17, 2021",3,15,18,28,33
"Monday August 16, 2021",4,17,28,29,38
"Sunday August 15, 2021",6,12,17,18,20
"Saturday August 14, 2021",8,12,19,27,30
"Friday August 13, 2021",7,16,18,28,37
"Thursday August 12, 2021",3,16,20,31,35
"Wednesday August 11, 2021",10,11,18,22,34
"Tuesday August 10, 2021",25,33,36,37,38
"Monday August 9, 2021",2,6,9,12,15
"Sunday August 8, 2021",3,7,20,23,39
"Saturday August 7, 2021",7,11,13,20,32
"Friday August 6, 2021",14,17,29,31,36
"Thursday August 5, 2021",1,6,24,28,30
"Wednesday August 4, 2021",6,15,26,28,38
"Tuesday August 3, 2021",13,19,21,30,34
"Monday August 2, 2021",1,3,10,22,30
"Sunday August 1, 2021",1,20,21,31,39
"Saturday July 31, 2021",5,6,15,25,32
"Friday July 30, 2021",8,21,24,35,36
"Thursday July 29, 2021",13,17,22,35,38
"Wednesday July 28, 2021",13,16,17,24,34
"Tuesday July 27, 2021",3,22,25,31,37
"Monday July 26, 2021",6,18,19,26,29
"Sunday July 25, 2021",15,17,21,29,39
"Saturday July 24, 2021",5,13,21,25,29
"Friday July 23, 2021",3,14,16,25,28
"Thursday July 22, 2021",19,26,27,36,38
"Wednesday July 21, 2021",7,14,18,31,38
"Tuesday July 20, 2021",2,14,29,32,33
"Monday July 19, 2021",1,14,21,29,37
"Sunday July 18, 2021",17,18,22,29,39
"Saturday July 17, 2021",13,14,22,23,30
"Friday July 16, 2021",8,22,26,27,39
"Thursday July 15, 2021",3,5,8,12,22
"Wednesday July 14, 2021",6,15,18,19,29
"Tuesday July 13, 2021",6,8,14,23,34
"Monday July 12, 2021",1,3,7,14,26
"Sunday July 11, 2021",7,23,25,32,39
"Saturday July 10, 2021",10,13,19,32,36
"Friday July 9, 2021",17,24,30,37,39
"Thursday July 8, 2021",7,13,25,36,39
"Wednesday July 7, 2021",4,9,15,31,39
"Tuesday July 6, 2021",1,16,28,36,38
"Monday July 5, 2021",9,21,23,33,34
"Sunday July 4, 2021",11,19,24,29,38
"Saturday July 3, 2021",6,12,13,27,31
"Friday July 2, 2021",3,6,33,36,38
"Thursday July 1, 2021",3,11,13,33,39
"Wednesday June 30, 2021",21,28,34,36,38
"Tuesday June 29, 2021",1,3,31,32,37
"Monday June 28, 2021",10,22,33,37,39
"Sunday June 27, 2021",2,4,26,28,32
"Saturday June 26, 2021",18,19,29,35,39
"Friday June 25, 2021",25,31,32,34,39
"Thursday June 24, 2021",16,18,27,28,33
"Wednesday June 23, 2021",4,12,26,29,33
"Tuesday June 22, 2021",7,12,13,27,38
"Monday June 21, 2021",5,11,19,27,39
"Sunday June 20, 2021",2,7,22,27,31
"Saturday June 19, 2021",14,17,25,29,33
"Friday June 18, 2021",1,7,26,37,38
"Thursday June 17, 2021",5,7,29,34,38
"Wednesday June 16, 2021",19,26,27,35,37
"Tuesday June 15, 2021",1,2,4,13,29
"Monday June 14, 2021",7,11,18,22,28
"Sunday June 13, 2021",1,12,29,33,38
"Saturday June 12, 2021",4,8,15,26,27
"Friday June 11, 2021",6,7,23,28,39
"Thursday June 10, 2021",2,22,23,29,37
"Wednesday June 9, 2021",10,16,26,28,29
"Tuesday June 8, 2021",3,4,8,21,26
"Monday June 7, 2021",1,4,7,11,13
"Sunday June 6, 2021",1,16,23,33,35
"Saturday June 5, 2021",4,7,18,22,32
"Friday June 4, 2021",2,5,29,31,35
"Thursday June 3, 2021",6,11,26,33,36
"Wednesday June 2, 2021",5,10,29,33,36
"Tuesday June 1, 2021",5,11,15,27,33
"Monday May 31, 2021",10,14,16,27,38
"Sunday May 30, 2021",1,4,9,27,33
"Saturday May 29, 2021",1,7,29,33,39
"Friday May 28, 2021",3,8,11,28,34
"Thursday May 27, 2021",5,9,12,14,34
"Wednesday May 26, 2021",8,10,16,20,35
"Tuesday May 25, 2021",10,11,14,20,39
"Monday May 24, 2021",10,13,15,23,38
"Sunday May 23, 2021",9,13,17,18,33
"Saturday May 22, 2021",4,11,22,26,32
"Friday May 21, 2021",7,15,17,29,39
"Thursday May 20, 2021",1,2,9,17,35
"Wednesday May 19, 2021",7,17,25,29,38
"Tuesday May 18, 2021",4,9,14,25,39
"Monday May 17, 2021",8,18,22,23,31
"Sunday May 16, 2021",15,20,22,29,36
"Saturday May 15, 2021",1,16,23,29,33
"Friday May 14, 2021",6,10,20,36,39
"Thursday May 13, 2021",13,19,21,28,29
"Wednesday May 12, 2021",4,5,6,21,33
"Tuesday May 11, 2021",7,13,19,30,39
"Monday May 10, 2021",2,4,7,8,18
"Sunday May 9, 2021",2,12,22,24,36
"Saturday May 8, 2021",21,26,31,32,36
"Friday May 7, 2021",7,9,15,21,27
"Thursday May 6, 2021",9,15,17,34,39
"Wednesday May 5, 2021",7,15,21,28,31
"Tuesday May 4, 2021",8,13,19,23,39
"Monday May 3, 2021",3,17,18,30,31
"Sunday May 2, 2021",3,4,30,33,39
"Saturday May 1, 2021",24,31,33,34,39
"Friday April 30, 2021",1,3,4,5,16
"Thursday April 29, 2021",6,19,24,28,29
"Wednesday April 28, 2021",2,11,19,27,37
"Tuesday April 27, 2021",2,13,20,23,35
"Monday April 26, 2021",5,11,12,14,39
"Sunday April 25, 2021",6,22,24,34,39
"Saturday April 24, 2021",7,12,26,33,39
"Friday April 23, 2021",3,11,22,30,34
"Thursday April 22, 2021",5,10,33,35,37
"Wednesday April 21, 2021",5,23,24,27,33
"Tuesday April 20, 2021",7,20,25,26,32
"Monday April 19, 2021",10,12,16,21,25
"Sunday April 18, 2021",11,14,19,38,39
"Saturday April 17, 2021",3,6,19,22,24
"Friday April 16, 2021",8,19,20,22,36
"Thursday April 15, 2021",2,8,24,31,33
"Wednesday April 14, 2021",6,27,28,32,36
"Tuesday April 13, 2021",10,13,15,28,31
"Monday April 12, 2021",30,31,32,34,35
"Sunday April 11, 2021",10,12,23,30,35
"Saturday April 10, 2021",1,4,11,20,25
"Friday April 9, 2021",14,19,20,24,28
"Thursday April 8, 2021",5,10,25,27,38
"Wednesday April 7, 2021",19,21,26,30,33
"Tuesday April 6, 2021",2,16,21,37,38
"Monday April 5, 2021",9,11,23,28,30
"Sunday April 4, 2021",4,5,28,31,36
"Saturday April 3, 2021",7,9,25,26,27
"Friday April 2, 2021",9,10,17,32,34
"Thursday April 1, 2021",17,26,27,28,29
"Wednesday March 31, 2021",2,8,21,22,35
"Tuesday March 30, 2021",1,9,11,14,18
"Monday March 29, 2021",6,24,28,33,38
"Sunday March 28, 2021",2,24,29,34,37
"Saturday March 27, 2021",6,17,18,26,27
"Friday March 26, 2021",2,4,22,26,35
"Thursday March 25, 2021",5,15,20,24,26
"Wednesday March 24, 2021",8,14,23,25,28
"Tuesday March 23, 2021",25,26,31,36,38
"Monday March 22, 2021",2,5,32,33,37
"Sunday March 21, 2021",5,6,7,17,27
"Saturday March 20, 2021",4,9,23,26,35
"Friday March 19, 2021",8,19,23,29,33
"Thursday March 18, 2021",8,10,24,25,31
"Wednesday March 17, 2021",5,13,15,18,26
"Tuesday March 16, 2021",3,11,13,22,23
"Monday March 15, 2021",6,7,9,19,28
"Sunday March 14, 2021",1,4,21,23,34
"Saturday March 13, 2021",19,20,22,31,39
"Friday March 12, 2021",4,16,24,29,38
"Thursday March 11, 2021",3,15,34,36,39
"Wednesday March 10, 2021",2,15,29,32,39
"Tuesday March 9, 2021",5,10,15,28,33
"Monday March 8, 2021",5,11,15,31,38
"Sunday March 7, 2021",7,12,30,32,34
"Saturday March 6, 2021",3,21,27,32,34
"Friday March 5, 2021",6,8,10,15,33
"Thursday March 4, 2021",1,8,11,12,18
"Wednesday March 3, 2021",3,12,20,25,30
"Tuesday March 2, 2021",3,7,9,10,12
"Monday March 1, 2021",16,19,24,28,32
"Sunday February 28, 2021",10,15,18,20,27
"Saturday February 27, 2021",5,6,9,22,32
"Friday February 26, 2021",7,8,16,20,33
"Thursday February 25, 2021",5,9,26,32,38
"Wednesday February 24, 2021",13,22,23,24,25
"Tuesday February 23, 2021",9,13,16,21,36
"Monday February 22, 2021",1,2,7,17,38
"Sunday February 21, 2021",3,6,19,26,36
"Saturday February 20, 2021",3,9,12,36,37
"Friday February 19, 2021",9,12,21,28,31
"Thursday February 18, 2021",5,8,11,14,23
"Wednesday February 17, 2021",5,10,11,26,36
"Tuesday February 16, 2021",9,11,14,20,35
"Monday February 15, 2021",4,17,18,22,25
"Sunday February 14, 2021",1,3,23,30,35
"Saturday February 13, 2021",9,10,13,22,30
"Friday February 12, 2021",1,25,26,27,37
"Thursday February 11, 2021",15,19,21,23,26
"Wednesday February 10, 2021",5,15,18,35,36
"Tuesday February 9, 2021",6,8,10,32,38
"Monday February 8, 2021",4,8,22,25,35
"Sunday February 7, 2021",8,10,19,24,35
"Saturday February 6, 2021",2,4,15,35,37
"Friday February 5, 2021",3,5,14,18,22
"Thursday February 4, 2021",2,11,16,19,24
"Wednesday February 3, 2021",2,9,16,22,28
"Tuesday February 2, 2021",4,9,18,24,35
"Monday February 1, 2021",1,10,12,13,39
"Sunday January 31, 2021",16,19,26,28,36
"Saturday January 30, 2021",7,27,31,33,36
"Friday January 29, 2021",3,6,14,17,32
"Thursday January 28, 2021",10,15,19,23,28
"Wednesday January 27, 2021",8,10,21,26,32
"Tuesday January 26, 2021",2,6,8,10,28
"Monday January 25, 2021",16,20,25,30,36
"Sunday January 24, 2021",17,21,30,32,33
"Saturday January 23, 2021",13,21,23,24,38
"Friday January 22, 2021",7,10,11,19,23
"Thursday January 21, 2021",5,6,15,38,39
"Wednesday January 20, 2021",14,17,19,21,24
"Tuesday January 19, 2021",10,12,13,18,21
"Monday January 18, 2021",2,18,32,34,39
"Sunday January 17, 2021",1,11,16,23,28
"Saturday January 16, 2021",1,17,18,25,29
"Friday January 15, 2021",10,11,17,26,36
"Thursday January 14, 2021",13,17,19,21,22
"Wednesday January 13, 2021",5,10,14,22,32
"Tuesday January 12, 2021",8,16,17,27,32
"Monday January 11, 2021",9,22,30,31,36
"Sunday January 10, 2021",2,9,24,26,36
"Saturday January 9, 2021",3,4,19,26,27
"Friday January 8, 2021",2,16,20,24,35
"Thursday January 7, 2021",4,10,26,33,39
"Wednesday January 6, 2021",13,25,31,34,36
"Tuesday January 5, 2021",3,9,13,17,38
"Monday January 4, 2021",7,13,19,38,39
"Sunday January 3, 2021",6,16,25,26,32
"Saturday January 2, 2021",3,9,19,29,31
"Friday January 1, 2021",5,26,27,28,33
"Thursday December 31, 2020",2,10,12,26,32
"Wednesday December 30, 2020",5,7,23,28,36
"Tuesday December 29, 2020",1,13,14,15,23
"Monday December 28, 2020",4,8,13,29,32
"Sunday December 27, 2020",8,19,27,34,39
"Saturday December 26, 2020",10,21,23,29,36
"Friday December 25, 2020",6,10,22,31,38
"Thursday December 24, 2020",6,11,17,23,24
"Wednesday December 23, 2020",5,12,19,22,25
"Tuesday December 22, 2020",1,4,6,13,22
"Monday December 21, 2020",2,4,5,31,38
"Sunday December 20, 2020",1,4,19,22,34
"Saturday December 19, 2020",26,29,30,33,37
"Friday December 18, 2020",5,11,15,27,36
"Thursday December 17, 2020",4,16,23,34,36
"Wednesday December 16, 2020",1,11,16,19,38
"Tuesday December 15, 2020",4,6,12,17,21
"Monday December 14, 2020",11,22,27,31,33
"Sunday December 13, 2020",8,17,20,21,27
"Saturday December 12, 2020",21,28,32,33,36
"Friday December 11, 2020",3,16,24,33,35
"Thursday December 10, 2020",6,8,30,37,38
"Wednesday December 9, 2020",3,13,14,38,39
"Tuesday December 8, 2020",6,8,14,21,31
"Monday December 7, 2020",2,6,19,22,24
"Sunday December 6, 2020",4,19,22,23,32
"Saturday December 5, 2020",15,24,29,34,39
"Friday December 4, 2020",2,10,17,26,34
"Thursday December 3, 2020",4,9,11,24,25
"Wednesday December 2, 2020",22,23,24,30,39
"Tuesday December 1, 2020",1,14,17,27,35
"Monday November 30, 2020",8,10,16,17,36
"Sunday November 29, 2020",21,22,24,27,28
"Saturday November 28, 2020",3,10,17,31,35
"Friday November 27, 2020",2,6,16,18,31
"Thursday November 26, 2020",15,24,32,33,36
"Wednesday November 25, 2020",17,19,26,31,32
"Tuesday November 24, 2020",6,7,13,21,30
"Monday November 23, 2020",5,6,8,10,19
"Sunday November 22, 2020",11,16,21,25,37
"Saturday November 21, 2020",1,6,11,16,37
"Friday November 20, 2020",2,8,31,32,37
"Thursday November 19, 2020",5,19,28,35,36
"Wednesday November 18, 2020",1,4,5,18,34
"Tuesday November 17, 2020",10,28,32,35,37
"Monday November 16, 2020",4,16,20,32,34
"Sunday November 15, 2020",2,9,10,14,27
"Saturday November 14, 2020",4,6,16,22,34
"Friday November 13, 2020",11,12,14,21,22
"Thursday November 12, 2020",12,16,18,23,29
"Wednesday November 11, 2020",1,8,14,19,39
"Tuesday November 10, 2020",1,15,23,31,33
"Monday November 9, 2020",9,12,26,32,33
"Sunday November 8, 2020",10,11,17,27,30
"Saturday November 7, 2020",3,9,13,35,36
"Friday November 6, 2020",4,20,25,27,32
"Thursday November 5, 2020",3,13,24,25,38
"Wednesday November 4, 2020",8,16,25,26,27
"Tuesday November 3, 2020",4,8,11,15,30
"Monday November 2, 2020",1,9,19,22,38
"Sunday November 1, 2020",9,10,13,19,35
"Saturday October 31, 2020",4,6,10,25,30
"Friday October 30, 2020",5,7,11,20,32
"Thursday October 29, 2020",11,13,20,23,26
"Wednesday October 28, 2020",4,18,23,28,29
"Tuesday October 27, 2020",4,18,19,31,35
"Monday October 26, 2020",5,18,26,29,31
"Sunday October 25, 2020",7,14,15,34,36
"Saturday October 24, 2020",13,16,17,22,33
"Friday October 23, 2020",9,23,24,34,35
"Thursday October 22, 2020",25,28,29,30,31
"Wednesday October 21, 2020",6,11,20,24,27
"Tuesday October 20, 2020",4,18,25,26,31
"Monday October 19, 2020",3,6,7,30,31
"Sunday October 18, 2020",7,9,12,15,37
"Saturday October 17, 2020",1,3,12,18,26
"Friday October 16, 2020",6,12,19,27,30
"Thursday October 15, 2020",9,11,15,16,35
"Wednesday October 14, 2020",2,3,8,22,36
"Tuesday October 13, 2020",2,4,6,22,39
"Monday October 12, 2020",2,6,11,17,18
"Sunday October 11, 2020",1,6,12,25,36
"Saturday October 10, 2020",5,10,13,15,25
"Friday October 9, 2020",5,14,15,23,33
"Thursday October 8, 2020",5,10,13,19,37
"Wednesday October 7, 2020",3,20,22,34,37
"Tuesday October 6, 2020",3,8,11,12,25
"Monday October 5, 2020",4,9,22,30,36
"Sunday October 4, 2020",4,12,16,18,20
"Saturday October 3, 2020",6,12,18,22,25
"Friday October 2, 2020",21,25,31,35,37
"Thursday October 1, 2020",4,10,20,24,26
"Wednesday September 30, 2020",4,11,16,32,35
"Tuesday September 29, 2020",2,24,25,30,37
"Monday September 28, 2020",2,4,20,21,23
"Sunday September 27, 2020",5,6,19,22,26
"Saturday September 26, 2020",7,8,11,13,17
"Friday September 25, 2020",7,16,25,27,39
"Thursday September 24, 2020",11,19,22,23,33
"Wednesday September 23, 2020",1,2,12,36,37
"Tuesday September 22, 2020",7,10,17,19,27
"Monday September 21, 2020",3,21,31,32,39
"Sunday September 20, 2020",5,6,7,20,23
"Saturday September 19, 2020",2,6,10,24,25
"Friday September 18, 2020",1,2,3,28,33
"Thursday September 17, 2020",1,22,33,36,37
"Wednesday September 16, 2020",1,25,31,33,35
"Tuesday September 15, 2020",11,17,21,22,30
"Monday September 14, 2020",1,14,15,23,27
"Sunday September 13, 2020",7,9,11,33,36
"Saturday September 12, 2020",6,15,17,29,33
"Friday September 11, 2020",7,15,17,27,31
"Thursday September 10, 2020",6,12,26,30,35
"Wednesday September 9, 2020",1,14,15,27,29
"Tuesday September 8, 2020",2,8,18,19,36
"Monday September 7, 2020",9,21,23,37,39
"Sunday September 6, 2020",4,7,13,21,33
"Saturday September 5, 2020",3,14,21,24,27
"Friday September 4, 2020",11,17,18,20,29
"Thursday September 3, 2020",9,15,22,33,35
"Wednesday September 2, 2020",13,14,23,25,27
"Tuesday September 1, 2020",7,10,15,24,30
"Monday August 31, 2020",8,21,25,27,32
"Sunday August 30, 2020",4,7,11,25,27
"Saturday August 29, 2020",3,26,29,32,33
"Friday August 28, 2020",9,11,12,13,14
"Thursday August 27, 2020",10,15,18,19,23
"Wednesday August 26, 2020",16,17,20,23,33
"Tuesday August 25, 2020",8,9,22,29,31
"Monday August 24, 2020",13,17,26,32,35
"Sunday August 23, 2020",4,7,15,28,31
"Saturday August 22, 2020",4,6,9,14,30
"Friday August 21, 2020",3,5,7,14,39
"Thursday August 20, 2020",7,10,23,32,37
"Wednesday August 19, 2020",4,15,17,23,30
"Tuesday August 18, 2020",1,5,29,30,38
"Monday August 17, 2020",8,20,25,27,36
"Sunday August 16, 2020",14,18,33,36,38
"Saturday August 15, 2020",25,32,34,36,38
"Friday August 14, 2020",9,16,18,19,29
"Thursday August 13, 2020",6,9,16,19,29
"Wednesday August 12, 2020",9,12,14,21,36
"Tuesday August 11, 2020",11,12,19,32,33
"Monday August 10, 2020",1,5,18,26,29
"Sunday August 9, 2020",1,2,3,8,31
"Saturday August 8, 2020",1,10,16,31,37
"Friday August 7, 2020",6,7,14,19,25
"Thursday August 6, 2020",7,15,16,29,36
"Wednesday August 5, 2020",22,26,27,32,39
"Tuesday August 4, 2020",6,11,17,24,32
"Monday August 3, 2020",3,5,16,26,27
"Sunday August 2, 2020",1,4,9,13,20
"Saturday August 1, 2020",2,8,9,13,23
"Friday July 31, 2020",1,11,14,16,28
"Thursday July 30, 2020",1,24,35,36,37
"Wednesday July 29, 2020",11,13,22,31,37
"Tuesday July 28, 2020",5,20,28,35,38
"Monday July 27, 2020",3,8,16,28,29
"Sunday July 26, 2020",9,10,17,30,39
"Saturday July 25, 2020",6,7,17,26,27
"Friday July 24, 2020",6,22,25,30,35
"Thursday July 23, 2020",12,15,23,25,35
"Wednesday July 22, 2020",6,12,13,30,31
"Tuesday July 21, 2020",3,13,25,31,39
"Monday July 20, 2020",13,16,30,33,38
